name,tf,end,ret,cagr,maxdd,sharpe,trades,per_week,win,pf,worst_month,pos_months,liquidations,busted,calmar,start_date,end_date,secs,y2022,y2023,y2024,y2025,y2026
act:DCA1H only 2%,1h,4637.0,827.4,72.6,-25.9,3.72,2491,11.7,94.1,1.75,-13.6,84.0,0,False,2.8,2022-09-04,2026-10-04,2.7,21.7,133.1,94.0,49.9,12.4
act:DCA1H only 3%,1h,13783.0,2656.7,125.5,-36.9,3.71,2493,11.7,94.1,1.65,-20.0,84.0,0,False,3.4,2022-09-04,2026-10-04,2.7,35.5,256.2,168.0,81.5,17.4
act:DCA1H only 2% maker,1h,4752.0,850.4,73.7,-24.2,3.83,2501,11.7,94.3,1.78,-13.5,84.0,0,False,3.04,2022-09-04,2026-10-04,0.5,21.4,135.5,89.7,53.0,14.6
act:DCA1H only 2% maker no-fallback,1h,4708.0,841.7,73.3,-24.2,3.81,2490,11.7,94.3,1.78,-13.5,84.0,0,False,3.03,2022-09-04,2026-10-04,0.5,21.3,135.3,89.0,52.8,14.3
act:Active BRK bull-only,1h,3548.0,609.5,61.7,-47.1,1.05,3960,18.6,65.5,1.2,-25.1,57.0,0,False,1.31,2022-09-04,2026-10-04,1.1,7.8,82.1,53.3,110.9,11.8
act:Active BRK bull-only + maker,1h,5658.0,1031.7,81.3,-43.4,1.22,3999,18.8,66.1,1.26,-24.8,57.0,0,False,1.87,2022-09-04,2026-10-04,1.0,8.4,115.8,76.0,136.9,16.1
act:Active maker no-fallback,1h,5072.0,914.4,76.5,-46.8,1.12,4421,20.8,60.8,1.22,-25.2,55.0,0,False,1.63,2022-09-04,2026-10-04,1.0,-26.0,136.8,90.9,56.9,93.1
act:Active 1% risk,1h,1646.0,229.2,33.9,-31.1,0.94,3905,18.3,56.0,1.2,-13.9,57.0,0,False,1.09,2022-09-04,2026-10-04,0.9,-11.3,39.5,44.0,25.9,46.7
act:Active governor halve 15% DD,1h,1897.0,279.4,38.7,-35.1,0.93,3970,18.7,56.6,1.2,-13.9,57.0,0,False,1.1,2022-09-04,2026-10-04,1.3,-13.5,39.1,50.9,38.6,50.8
bull:original,4h,5336.0,967.2,65.7,-29.5,1.35,325,1.3,35.1,2.26,-19.0,32.0,0,False,2.23,2022-01-25,2026-10-04,1.2,0.0,113.3,149.9,60.5,24.8
bull:original + maker,4h,5362.0,972.4,65.8,-28.5,1.36,324,1.3,35.2,2.31,-18.8,32.0,0,False,2.31,2022-01-25,2026-10-04,0.3,0.0,104.5,156.9,63.1,25.2
bull:calm,4h,1097.0,119.4,18.2,-12.2,1.31,468,1.9,51.9,2.55,-4.1,42.0,0,False,1.5,2022-01-25,2026-10-04,1.2,-0.3,35.9,31.9,14.2,7.5
bull:calm + maker,4h,1077.0,115.4,17.8,-10.4,1.33,466,1.9,51.9,2.56,-4.1,42.0,0,False,1.71,2022-01-25,2026-10-04,0.3,-0.3,31.9,32.7,14.7,7.6
bull:balanced,4h,3445.0,588.9,50.9,-22.1,1.47,773,3.2,66.0,2.57,-8.1,54.0,0,False,2.3,2022-01-25,2026-10-04,0.4,1.0,94.1,109.9,39.9,19.7
bull:balanced + maker,4h,3347.0,569.5,50.0,-22.2,1.47,770,3.1,65.8,2.59,-8.0,56.0,0,False,2.25,2022-01-25,2026-10-04,0.4,1.1,85.6,112.5,40.1,19.8
bull:aggressive,4h,7082.0,1316.4,76.0,-30.0,1.51,867,3.5,69.1,2.45,-11.6,54.0,0,False,2.53,2022-01-25,2026-10-04,0.4,-0.1,143.6,179.8,60.5,29.7
bull:aggressive + maker,4h,7050.0,1309.9,75.8,-29.8,1.52,868,3.5,69.2,2.48,-11.4,58.0,0,False,2.54,2022-01-25,2026-10-04,0.4,1.5,132.4,185.4,61.4,29.8
bull:boost,4h,8567.0,1613.5,83.3,-31.0,1.49,787,3.2,81.6,2.55,-10.2,58.0,0,False,2.69,2022-01-25,2026-10-04,0.3,0.6,222.0,103.2,62.1,60.6
bull:boost + maker,4h,9375.0,1775.0,86.8,-30.8,1.53,794,3.2,81.7,2.59,-10.1,61.0,0,False,2.82,2022-01-25,2026-10-04,0.3,5.3,225.4,111.2,61.4,60.5
bull:boost + governor halve 15% DD,4h,3020.0,504.0,46.7,-26.4,1.27,737,3.0,80.6,2.39,-10.2,58.0,0,False,1.77,2022-01-25,2026-10-04,0.4,0.6,98.9,34.2,40.1,60.6
cand:Balanced bull-only + DCA1H (4h part),4h,3445.0,588.9,50.9,-22.1,1.47,773,3.2,66.0,2.57,-8.1,54.0,0,False,2.3,2022-01-25,2026-10-04,0.5,1.0,94.1,109.9,39.9,19.7
