strategy,tf,trades,per_week,ret,maxdd,sharpe,win,pf,h1,h2
EMA cross + Supertrend,4h,27,1.1,45.4,-12.8,2.09,40.7,3.45,0.2,45.1
EMA cross + Supertrend,1h,154,6.3,18.9,-34.3,0.82,24.7,1.2,-19.8,47.4
EMA cross + Momentum,4h,30,1.2,34.6,-11.5,2.23,43.3,5.02,0.4,34.1
EMA cross + Momentum,1h,110,4.5,-12.9,-22.5,-0.83,20.0,0.71,-9.3,-4.0
Donchian ensemble (20/55/100),4h,58,2.4,-1.7,-17.3,0.0,29.3,0.9,-7.0,5.7
Donchian ensemble (20/55/100),1h,188,7.7,0.9,-32.8,0.3,32.4,1.02,-22.4,30.0
Breakout + pyramiding,4h,82,3.3,5.2,-27.4,0.44,15.9,1.1,-19.3,30.4
Breakout + pyramiding,1h,244,9.9,78.0,-26.9,1.64,26.6,1.38,-4.7,85.7
Squeeze breakout + partial TP,4h,50,2.0,-1.2,-12.8,0.03,26.0,0.97,-11.8,12.1
Squeeze breakout + partial TP,1h,184,7.5,-12.8,-26.4,-0.91,35.3,0.86,-12.4,-0.7
Trend pullback (RSI) + scale-out,4h,51,2.1,12.9,-11.0,1.49,64.7,1.66,-4.0,17.1
Trend pullback (RSI) + scale-out,1h,203,8.3,-26.7,-32.9,-1.88,49.3,0.7,-15.9,-12.9
DCA dip buyer (safety orders),4h,38,1.5,2.0,-1.1,1.8,97.4,2.95,0.7,1.2
DCA dip buyer (safety orders),1h,251,10.2,15.9,-2.8,4.52,96.4,2.86,4.5,10.9
Bear-market breakdown (shorts),4h,43,1.8,0.1,-18.1,0.12,25.6,1.0,13.2,-11.2
Bear-market breakdown (shorts),1h,226,9.2,-43.4,-47.3,-2.95,28.8,0.56,-10.6,-36.7
Momentum rotation (top 5),4h,195,7.9,24.7,-20.7,1.25,17.4,1.57,-10.7,38.8
Momentum rotation (top 5),1h,786,32.0,-24.3,-58.9,-0.41,16.4,0.83,-29.6,6.9
Hot-coin momentum chase,4h,80,3.3,6.1,-10.2,0.68,38.8,1.21,-0.2,6.4
Hot-coin momentum chase,1h,265,10.8,28.7,-18.9,1.5,36.2,1.25,-13.6,47.9
