combo,n,risk,end,ret,maxdd,sharpe,trades,win,pf,y1,y2,worst_month,busted,liquidations
MOM40,1,0.01,3160.0,532.1,-27.0,2.03,325,33.2,2.33,190.0,116.9,-6.9,False,0
MOM40,1,0.02,8570.0,1613.9,-43.2,2.05,325,33.2,2.07,386.2,249.4,-13.6,False,0
MOM40,1,0.03,16436.0,3187.1,-54.4,2.04,323,33.4,1.98,569.4,385.2,-20.1,False,0
MOM40,1,0.05,28748.0,5649.6,-70.9,1.99,311,33.4,1.72,904.1,463.0,-32.6,False,0
MOM40+PY,1,0.01,5161.0,932.3,-32.1,2.05,325,30.5,2.47,257.9,186.3,-10.1,False,0
MOM40+PY,1,0.02,15741.0,3048.3,-49.1,2.08,323,30.7,2.25,494.5,422.8,-19.8,False,0
MOM40+PY,1,0.03,16102.0,3120.4,-71.7,1.89,319,30.4,1.79,680.6,305.5,-35.9,False,0
MOM40+PY,1,0.05,12501.0,2400.2,-88.2,1.7,300,30.7,1.36,845.5,158.2,-48.3,False,0
ST8,1,0.01,1413.0,182.7,-23.2,1.76,112,34.8,2.41,119.4,29.0,-3.8,False,0
ST8,1,0.02,2729.0,445.8,-40.8,1.76,112,34.8,2.09,266.4,49.3,-7.5,False,0
ST8,1,0.03,4280.0,756.0,-54.2,1.74,112,34.8,1.88,432.1,61.4,-11.1,False,0
ST8,1,0.05,6816.0,1263.2,-72.5,1.68,112,34.8,1.58,775.7,56.5,-18.3,False,0
ST8+PY,1,0.01,2055.0,311.0,-28.2,1.85,112,27.7,2.61,189.3,42.2,-4.9,False,0
ST8+PY,1,0.02,4631.0,826.2,-47.9,1.86,112,27.7,2.18,446.8,69.7,-9.7,False,0
ST8+PY,1,0.03,7559.0,1411.7,-61.9,1.83,112,27.7,1.9,754.3,77.5,-14.5,False,0
ST8+PY,1,0.05,10249.0,1949.8,-79.5,1.76,112,27.7,1.47,1415.7,35.9,-24.0,False,0
DCA40,1,0.01,604.0,20.9,-8.7,1.58,538,91.6,1.59,12.0,7.9,-2.9,False,0
DCA40,1,0.02,766.0,53.2,-15.8,1.68,657,91.6,1.58,28.4,19.3,-6.6,False,0
DCA40,1,0.03,944.0,88.8,-23.8,1.65,665,91.6,1.59,44.6,30.6,-9.9,False,0
DCA40,1,0.05,1428.0,185.7,-36.4,1.69,664,91.6,1.61,86.9,52.9,-14.6,False,0
BRK8,1,0.01,985.0,97.1,-38.5,1.01,255,23.5,1.39,100.6,-1.4,-12.1,False,0
BRK8,1,0.02,1335.0,167.0,-62.4,0.98,254,23.2,1.26,206.7,-12.3,-23.1,False,0
BRK8,1,0.03,1530.0,205.9,-76.5,0.99,252,23.4,1.19,310.1,-24.6,-30.8,False,0
BRK8,1,0.05,822.0,64.3,-90.0,0.86,247,25.5,1.05,260.5,-53.6,-47.4,False,0
BEAR40,1,0.01,663.0,32.5,-24.7,0.54,366,36.3,1.19,-10.3,47.8,-14.0,False,0
BEAR40,1,0.02,727.0,45.4,-43.1,0.55,366,36.3,1.11,-22.4,87.5,-26.2,False,0
BEAR40,1,0.03,736.0,47.1,-58.4,0.58,364,36.5,1.07,-31.1,113.4,-36.9,False,0
BEAR40,1,0.05,493.0,-1.5,-81.6,0.59,362,36.5,1.0,-50.9,100.7,-54.2,False,0
ROT40,1,0.01,741.0,48.2,-43.5,0.7,1103,21.8,1.14,27.3,15.8,-12.5,False,0
ROT40,1,0.02,731.0,46.2,-69.4,0.62,1103,21.8,1.07,24.3,16.5,-23.5,False,0
ROT40,1,0.03,562.0,12.4,-85.1,0.56,1089,21.5,1.01,0.5,10.4,-33.4,False,0
ROT40,1,0.05,231.0,-53.8,-96.8,0.48,1050,21.8,0.92,-47.3,-14.3,-49.1,False,0
SQZ40b,1,0.01,952.0,90.3,-36.2,0.95,964,38.7,1.11,71.8,9.9,-17.1,False,0
SQZ40b,1,0.02,1324.0,164.9,-60.7,0.98,952,39.0,1.06,144.2,6.8,-28.7,False,0
SQZ40b,1,0.03,1565.0,213.0,-78.3,1.06,911,39.2,1.04,227.2,-6.5,-41.4,False,0
SQZ40b,1,0.05,153.0,-69.5,-94.4,0.59,867,38.6,0.97,17.2,-75.0,-60.3,False,0
MOM40 + ST8,2,0.01,2213.0,342.6,-20.9,2.12,437,33.6,2.4,158.3,71.0,-3.9,False,0
MOM40 + ST8,2,0.02,5433.0,986.7,-35.9,2.12,437,33.6,2.12,342.3,144.7,-7.7,False,0
MOM40 + ST8,2,0.03,10013.0,1902.5,-47.5,2.09,437,33.6,1.96,539.7,211.3,-11.5,False,0
MOM40 + ST8,2,0.05,13532.0,2606.5,-72.1,1.89,429,33.3,1.57,923.2,162.2,-34.8,False,0
MOM40 + ST8+PY,2,0.01,2640.0,427.9,-20.8,2.16,437,31.8,2.47,193.2,79.7,-4.2,False,0
MOM40 + ST8+PY,2,0.02,6994.0,1298.7,-35.8,2.16,437,31.8,2.16,432.2,161.8,-8.2,False,0
MOM40 + ST8+PY,2,0.03,13271.0,2554.2,-47.4,2.13,437,31.8,1.98,699.8,230.0,-12.1,False,0
MOM40 + ST8+PY,2,0.05,17000.0,3300.1,-73.2,1.94,429,31.5,1.53,1243.2,150.9,-35.8,False,0
MOM40 + DCA40,2,0.01,1624.0,224.9,-15.9,2.1,802,68.2,2.42,101.6,60.7,-4.5,False,0
MOM40 + DCA40,2,0.02,3865.0,672.9,-25.2,2.2,972,71.9,2.17,227.2,135.1,-9.4,False,0
MOM40 + DCA40,2,0.03,7382.0,1376.5,-33.4,2.22,974,72.0,2.07,356.7,221.2,-13.4,False,0
MOM40 + DCA40,2,0.05,17888.0,3477.5,-47.4,2.26,943,72.1,1.94,664.5,363.4,-21.4,False,0
MOM40 + BRK8,2,0.01,2020.0,304.0,-28.4,1.86,580,29.0,1.87,165.1,52.3,-6.7,False,0
MOM40 + BRK8,2,0.02,4794.0,858.8,-47.3,1.85,580,29.0,1.69,378.6,100.0,-13.1,False,0
MOM40 + BRK8,2,0.03,8733.0,1646.6,-60.3,1.83,578,29.1,1.59,620.9,141.7,-19.2,False,0
MOM40 + BRK8,2,0.05,13571.0,2614.1,-76.7,1.76,568,30.3,1.44,857.4,182.4,-28.8,False,0
MOM40 + BEAR40,2,0.01,1732.0,246.3,-19.5,1.99,691,34.9,1.82,83.6,88.1,-8.4,False,0
MOM40 + BEAR40,2,0.02,3916.0,683.2,-34.6,2.0,691,34.9,1.65,160.6,199.1,-16.2,False,0
MOM40 + BEAR40,2,0.03,6997.0,1299.4,-46.5,1.99,691,34.9,1.55,226.9,325.2,-23.4,False,0
MOM40 + BEAR40,2,0.05,14444.0,2788.8,-62.5,1.97,678,35.1,1.4,354.6,529.2,-36.1,False,0
MOM40 + ROT40,2,0.01,1594.0,218.8,-30.8,1.61,1429,24.4,1.55,97.2,60.9,-9.8,False,0
MOM40 + ROT40,2,0.02,2819.0,463.8,-49.2,1.56,1427,24.4,1.43,164.4,111.3,-18.5,False,0
MOM40 + ROT40,2,0.03,3822.0,664.5,-62.2,1.5,1416,24.6,1.37,204.8,147.7,-26.4,False,0
MOM40 + ROT40,2,0.05,3525.0,604.9,-80.4,1.35,1383,24.3,1.21,220.0,116.1,-38.5,False,0
MOM40 + SQZ40b,2,0.01,2065.0,313.0,-24.8,2.01,1289,37.3,1.39,151.4,63.2,-10.0,False,0
MOM40 + SQZ40b,2,0.02,4981.0,896.2,-42.3,1.97,1282,37.4,1.29,353.6,116.9,-19.0,False,0
MOM40 + SQZ40b,2,0.03,10376.0,1975.1,-55.6,2.0,1268,37.7,1.24,639.0,175.8,-27.0,False,0
MOM40 + SQZ40b,2,0.05,13940.0,2688.1,-76.6,1.82,1236,37.5,1.11,1204.4,107.8,-41.7,False,0
MOM40+PY + ST8,2,0.01,2993.0,498.6,-24.4,2.13,437,31.6,2.52,196.6,101.1,-5.4,False,0
MOM40+PY + ST8,2,0.02,8133.0,1526.6,-40.5,2.13,437,31.6,2.23,415.2,213.7,-10.7,False,0
MOM40+PY + ST8,2,0.03,15323.0,2964.6,-52.0,2.11,434,31.6,2.05,636.8,312.1,-16.0,False,0
MOM40+PY + ST8,2,0.05,15090.0,2918.1,-76.8,1.86,418,31.6,1.54,964.6,179.6,-32.4,False,0
MOM40+PY + ST8+PY,2,0.01,3517.0,603.3,-24.4,2.17,437,29.7,2.56,232.9,110.5,-5.2,False,0
MOM40+PY + ST8+PY,2,0.02,10200.0,1940.1,-40.4,2.17,437,29.7,2.25,508.5,233.1,-10.4,False,0
MOM40+PY + ST8+PY,2,0.03,19716.0,3843.2,-52.0,2.15,434,29.7,2.05,800.0,334.1,-15.6,False,0
MOM40+PY + ST8+PY,2,0.05,18613.0,3622.7,-77.5,1.9,417,29.3,1.5,1256.0,170.7,-33.4,False,0
MOM40+PY + DCA40,2,0.01,2244.0,348.8,-19.4,2.06,852,67.6,2.51,135.8,89.6,-6.3,False,0
MOM40+PY + DCA40,2,0.02,6193.0,1138.7,-31.4,2.18,964,70.7,2.31,296.1,210.5,-11.4,False,0
MOM40+PY + DCA40,2,0.03,12747.0,2449.5,-39.5,2.23,971,71.4,2.22,464.4,347.3,-16.1,False,0
MOM40+PY + DCA40,2,0.05,23598.0,4619.5,-54.4,2.19,904,70.9,1.92,760.2,440.8,-27.8,False,0
MOM40+PY + BRK8,2,0.01,2793.0,458.6,-29.8,1.94,580,27.4,1.99,209.9,79.8,-8.6,False,0
MOM40+PY + BRK8,2,0.02,7558.0,1411.7,-48.2,1.94,578,27.5,1.79,476.7,161.0,-16.6,False,0
MOM40+PY + BRK8,2,0.03,14582.0,2816.3,-61.0,1.94,575,27.7,1.71,750.4,240.8,-24.2,False,0
MOM40+PY + BRK8,2,0.05,18583.0,3616.7,-76.6,1.82,557,28.4,1.48,909.5,264.7,-34.0,False,0
MOM40+PY + BEAR40,2,0.01,2427.0,385.4,-23.4,2.05,691,33.6,1.96,118.0,121.7,-8.7,False,0
MOM40+PY + BEAR40,2,0.02,6247.0,1149.4,-40.1,2.08,691,33.6,1.77,221.8,285.5,-16.7,False,0
MOM40+PY + BEAR40,2,0.03,11501.0,2200.2,-51.8,2.07,689,33.5,1.64,307.0,459.5,-24.1,False,0
MOM40+PY + BEAR40,2,0.05,18777.0,3655.5,-66.3,2.0,659,33.8,1.41,420.9,610.4,-37.0,False,0
MOM40+PY + ROT40,2,0.01,2150.0,330.0,-33.1,1.72,1429,23.7,1.65,126.9,88.3,-10.9,False,0
MOM40+PY + ROT40,2,0.02,4221.0,744.2,-51.9,1.67,1422,23.8,1.52,212.4,167.2,-19.9,False,0
MOM40+PY + ROT40,2,0.03,5037.0,907.3,-64.8,1.56,1407,23.7,1.39,250.7,182.7,-28.0,False,0
MOM40+PY + ROT40,2,0.05,4362.0,772.5,-81.5,1.41,1373,23.6,1.22,239.5,151.1,-42.5,False,0
MOM40+PY + SQZ40b,2,0.01,2890.0,478.0,-28.3,2.09,1289,36.6,1.46,196.7,93.3,-10.3,False,0
MOM40+PY + SQZ40b,2,0.02,7977.0,1495.5,-47.2,2.07,1280,36.6,1.35,453.8,183.8,-19.5,False,0
MOM40+PY + SQZ40b,2,0.03,18056.0,3511.1,-60.0,2.11,1256,36.9,1.3,856.8,269.4,-27.7,False,0
MOM40+PY + SQZ40b,2,0.05,24842.0,4868.4,-75.5,1.96,1215,37.0,1.14,1527.1,195.4,-42.7,False,0
ST8 + DCA40,2,0.01,984.0,96.9,-14.0,1.93,473,79.3,2.53,63.6,20.4,-2.9,False,0
ST8 + DCA40,2,0.02,1678.0,235.6,-27.5,1.96,743,82.6,2.06,140.4,39.7,-6.9,False,0
ST8 + DCA40,2,0.03,2670.0,433.9,-35.5,2.0,769,83.1,1.97,237.4,58.5,-10.3,False,0
ST8 + DCA40,2,0.05,5845.0,1068.9,-44.4,2.09,758,83.6,1.85,543.7,82.1,-16.0,False,0
ST8 + BRK8,2,0.01,1229.0,145.9,-30.6,1.47,367,27.0,1.7,117.9,13.1,-6.3,False,0
ST8 + BRK8,2,0.02,2162.0,332.4,-51.6,1.45,367,27.0,1.53,274.2,16.1,-12.3,False,0
ST8 + BRK8,2,0.03,3080.0,516.1,-66.1,1.42,366,26.8,1.41,451.1,12.5,-18.0,False,0
ST8 + BRK8,2,0.05,3617.0,623.4,-81.5,1.34,362,28.2,1.24,662.0,-4.0,-28.3,False,0
ST8 + BEAR40,2,0.01,1069.0,113.8,-15.4,1.7,478,36.0,1.65,48.4,44.1,-8.7,False,0
ST8 + BEAR40,2,0.02,1895.0,279.1,-28.9,1.69,478,36.0,1.53,97.6,92.0,-16.7,False,0
ST8 + BEAR40,2,0.03,2946.0,489.1,-40.7,1.68,478,36.0,1.44,145.2,140.7,-24.1,False,0
ST8 + BEAR40,2,0.05,5157.0,931.4,-60.9,1.62,474,35.9,1.29,240.3,203.9,-37.1,False,0
ST8 + ROT40,2,0.01,1039.0,107.8,-31.9,1.29,1215,23.0,1.39,68.3,23.3,-6.9,False,0
ST8 + ROT40,2,0.02,1486.0,197.2,-52.0,1.21,1215,23.0,1.29,118.1,35.8,-13.3,False,0
ST8 + ROT40,2,0.03,1727.0,245.4,-66.1,1.15,1215,23.0,1.22,146.2,39.5,-19.2,False,0
ST8 + ROT40,2,0.05,1913.0,282.5,-81.8,1.13,1183,23.4,1.15,188.4,31.5,-29.7,False,0
ST8 + SQZ40b,2,0.01,1250.0,149.9,-22.6,1.63,1076,38.3,1.28,104.8,21.6,-10.3,False,0
ST8 + SQZ40b,2,0.02,2355.0,371.0,-40.9,1.61,1076,38.3,1.2,249.1,34.0,-19.6,False,0
ST8 + SQZ40b,2,0.03,3651.0,630.2,-55.3,1.59,1062,38.3,1.15,401.3,44.2,-28.0,False,0
ST8 + SQZ40b,2,0.05,5084.0,916.7,-75.2,1.51,1017,38.8,1.09,754.2,17.0,-38.6,False,0
ST8+PY + DCA40,2,0.01,1225.0,145.1,-17.0,1.93,526,78.3,2.61,95.0,25.7,-2.9,False,0
ST8+PY + DCA40,2,0.02,2491.0,398.2,-29.4,2.03,757,81.9,2.25,223.2,54.3,-6.9,False,0
ST8+PY + DCA40,2,0.03,4132.0,726.5,-37.9,2.03,763,81.9,2.06,379.1,72.8,-9.8,False,0
ST8+PY + DCA40,2,0.05,8175.0,1535.1,-52.0,2.07,731,82.4,1.76,859.2,71.0,-16.0,False,0
ST8+PY + BRK8,2,0.01,1516.0,203.2,-32.9,1.59,367,24.8,1.81,155.2,19.1,-6.7,False,0
ST8+PY + BRK8,2,0.02,2938.0,487.6,-54.5,1.57,367,24.8,1.59,373.3,24.7,-12.9,False,0
ST8+PY + BRK8,2,0.03,4492.0,798.5,-68.6,1.55,365,24.7,1.46,632.6,23.5,-18.8,False,0
ST8+PY + BRK8,2,0.05,4829.0,865.7,-84.2,1.44,362,26.0,1.23,966.4,-8.4,-29.5,False,0
ST8+PY + BEAR40,2,0.01,1356.0,171.1,-17.9,1.89,478,34.3,1.8,76.7,53.6,-8.7,False,0
ST8+PY + BEAR40,2,0.02,2774.0,454.7,-30.1,1.9,478,34.3,1.63,161.0,112.8,-16.7,False,0
ST8+PY + BEAR40,2,0.03,4630.0,826.0,-42.2,1.88,478,34.3,1.5,248.1,166.4,-24.1,False,0
ST8+PY + BEAR40,2,0.05,7725.0,1445.0,-62.5,1.79,474,34.2,1.28,424.6,195.3,-37.1,False,0
ST8+PY + ROT40,2,0.01,1268.0,153.7,-33.9,1.43,1215,22.3,1.48,94.8,30.0,-7.2,False,0
ST8+PY + ROT40,2,0.02,1989.0,297.7,-54.4,1.36,1215,22.3,1.36,170.6,46.4,-13.8,False,0
ST8+PY + ROT40,2,0.03,2449.0,389.8,-68.4,1.31,1205,22.4,1.27,228.7,48.2,-19.9,False,0
ST8+PY + ROT40,2,0.05,2356.0,371.1,-83.4,1.22,1176,22.4,1.15,268.2,26.8,-30.7,False,0
ST8+PY + SQZ40b,2,0.01,1562.0,212.4,-23.4,1.78,1076,37.5,1.33,142.0,28.6,-10.3,False,0
ST8+PY + SQZ40b,2,0.02,3320.0,564.0,-42.0,1.76,1076,37.5,1.23,352.8,45.7,-19.6,False,0
ST8+PY + SQZ40b,2,0.03,5025.0,905.0,-56.5,1.69,1058,37.2,1.17,527.8,58.4,-28.0,False,0
ST8+PY + SQZ40b,2,0.05,6117.0,1123.4,-75.9,1.57,1013,37.8,1.07,1173.8,-5.6,-38.6,False,0
DCA40 + BRK8,2,0.01,814.0,62.7,-18.5,1.22,569,62.4,1.55,52.8,6.7,-4.7,False,0
DCA40 + BRK8,2,0.02,1167.0,133.5,-36.3,1.19,855,71.0,1.41,118.8,7.1,-9.6,False,0
DCA40 + BRK8,2,0.03,1599.0,219.9,-48.9,1.21,904,72.2,1.36,199.3,7.4,-13.7,False,0
DCA40 + BRK8,2,0.05,1921.0,284.2,-64.6,1.15,870,72.5,1.25,301.5,-3.5,-20.9,False,0
DCA40 + BEAR40,2,0.01,640.0,28.0,-12.8,0.75,590,58.6,1.34,-3.5,32.6,-6.9,False,0
DCA40 + BEAR40,2,0.02,802.0,60.5,-24.0,0.82,921,69.6,1.26,0.4,59.9,-13.9,False,0
DCA40 + BEAR40,2,0.03,982.0,96.4,-33.2,0.86,1014,71.5,1.23,-1.0,98.4,-20.1,False,0
DCA40 + BEAR40,2,0.05,1371.0,174.3,-49.2,0.92,1024,71.9,1.18,3.3,165.5,-31.6,False,0
DCA40 + ROT40,2,0.01,710.0,42.0,-24.6,0.95,1336,34.9,1.25,22.1,16.0,-6.5,False,0
DCA40 + ROT40,2,0.02,859.0,71.8,-46.2,0.87,1690,45.9,1.17,39.4,22.7,-15.5,False,0
DCA40 + ROT40,2,0.03,994.0,98.9,-58.8,0.87,1737,47.2,1.15,51.2,30.7,-22.6,False,0
DCA40 + ROT40,2,0.05,966.0,93.3,-77.7,0.81,1736,47.5,1.09,41.0,35.6,-33.9,False,0
DCA40 + SQZ40b,2,0.01,792.0,58.3,-19.1,1.15,1284,52.5,1.17,40.7,12.1,-8.9,False,0
DCA40 + SQZ40b,2,0.02,1151.0,130.2,-33.4,1.18,1573,58.9,1.13,89.3,20.7,-16.8,False,0
DCA40 + SQZ40b,2,0.03,1687.0,237.3,-44.0,1.26,1617,60.5,1.12,151.0,32.8,-24.1,False,0
DCA40 + SQZ40b,2,0.05,2440.0,387.9,-67.9,1.27,1590,60.6,1.07,324.3,12.8,-34.9,False,0
BRK8 + BEAR40,2,0.01,878.0,75.7,-25.3,1.13,621,31.1,1.36,40.4,25.4,-11.0,False,0
BRK8 + BEAR40,2,0.02,1305.0,160.9,-44.8,1.12,621,31.1,1.28,80.4,45.2,-20.8,False,0
BRK8 + BEAR40,2,0.03,1695.0,238.9,-59.6,1.11,621,31.1,1.22,116.0,57.7,-29.7,False,0
BRK8 + BEAR40,2,0.05,1487.0,197.4,-78.2,0.96,615,31.4,1.11,90.3,57.6,-43.8,False,0
BRK8 + ROT40,2,0.01,894.0,78.9,-37.6,0.99,1353,22.2,1.26,64.8,8.4,-8.5,False,0
BRK8 + ROT40,2,0.02,1119.0,123.8,-60.4,0.92,1358,22.1,1.18,109.0,6.9,-16.8,False,0
BRK8 + ROT40,2,0.03,1224.0,144.8,-74.2,0.91,1347,22.2,1.13,142.3,0.8,-24.7,False,0
BRK8 + ROT40,2,0.05,851.0,70.2,-87.4,0.83,1319,22.9,1.05,103.6,-16.8,-40.3,False,0
BRK8 + SQZ40b,2,0.01,1018.0,103.6,-31.8,1.16,1219,35.5,1.19,91.5,6.1,-12.5,False,0
BRK8 + SQZ40b,2,0.02,1557.0,211.3,-54.3,1.14,1219,35.5,1.13,204.1,1.9,-23.6,False,0
BRK8 + SQZ40b,2,0.03,1627.0,225.3,-71.0,1.05,1192,35.1,1.08,269.6,-12.6,-35.0,False,0
BRK8 + SQZ40b,2,0.05,922.0,84.4,-89.1,0.91,1145,35.6,1.02,334.8,-58.0,-49.1,False,0
BEAR40 + ROT40,2,0.01,783.0,56.7,-24.4,1.05,1462,25.5,1.21,13.7,37.4,-9.1,False,0
BEAR40 + ROT40,2,0.02,1001.0,100.3,-43.8,0.98,1469,25.4,1.16,14.7,73.8,-17.3,False,0
BEAR40 + ROT40,2,0.03,1097.0,119.4,-59.2,0.91,1470,25.4,1.12,5.8,105.9,-24.8,False,0
BEAR40 + ROT40,2,0.05,942.0,88.5,-81.0,0.79,1459,25.2,1.06,-28.6,161.1,-39.4,False,0
BEAR40 + SQZ40b,2,0.01,828.0,65.6,-29.4,0.88,1330,38.0,1.14,27.1,29.8,-15.4,False,0
BEAR40 + SQZ40b,2,0.02,1107.0,121.4,-51.6,0.89,1330,38.0,1.09,48.9,47.5,-28.5,False,0
BEAR40 + SQZ40b,2,0.03,1245.0,149.1,-67.4,0.9,1310,38.2,1.06,57.6,56.2,-38.3,False,0
BEAR40 + SQZ40b,2,0.05,1231.0,146.1,-86.0,0.96,1287,38.7,1.02,84.2,31.1,-54.2,False,0
ROT40 + SQZ40b,2,0.01,915.0,83.0,-27.2,1.12,2065,29.7,1.14,56.4,16.3,-10.6,False,0
ROT40 + SQZ40b,2,0.02,1258.0,151.5,-47.8,1.06,2067,29.7,1.1,103.0,22.4,-20.0,False,0
ROT40 + SQZ40b,2,0.03,1190.0,138.0,-62.8,0.92,2044,29.3,1.06,91.7,21.9,-28.3,False,0
ROT40 + SQZ40b,2,0.05,850.0,69.9,-84.7,0.84,1970,29.6,1.02,129.1,-26.4,-42.9,False,0
MOM40 + ST8 + DCA40,3,0.01,1545.0,209.0,-13.3,2.17,715,57.1,2.56,102.9,52.1,-3.3,False,0
MOM40 + ST8 + DCA40,3,0.02,3460.0,591.9,-25.0,2.21,1054,67.2,2.16,233.0,107.2,-6.6,False,0
MOM40 + ST8 + DCA40,3,0.03,6513.0,1202.6,-34.2,2.23,1078,67.9,2.05,390.2,164.8,-9.8,False,0
MOM40 + ST8 + DCA40,3,0.05,14513.0,2802.6,-48.7,2.21,1067,68.1,1.86,709.0,256.7,-15.9,False,0
MOM40 + ST8 + BRK8,3,0.01,1778.0,255.6,-24.0,1.91,695,29.9,1.96,146.1,44.5,-4.7,False,0
MOM40 + ST8 + BRK8,3,0.02,4100.0,719.9,-41.4,1.91,692,29.9,1.77,347.4,83.1,-9.2,False,0
MOM40 + ST8 + BRK8,3,0.03,7337.0,1367.4,-54.1,1.89,690,30.0,1.66,578.2,116.2,-13.6,False,0
MOM40 + ST8 + BRK8,3,0.05,12067.0,2313.5,-70.5,1.8,685,30.7,1.48,872.6,147.8,-20.5,False,0
MOM40 + ST8 + BEAR40,3,0.01,1632.0,226.5,-15.7,2.16,804,34.8,1.96,93.2,68.7,-6.7,False,0
MOM40 + ST8 + BEAR40,3,0.02,3727.0,645.4,-28.4,2.19,803,34.9,1.78,197.2,150.2,-13.0,False,0
MOM40 + ST8 + BEAR40,3,0.03,6905.0,1280.9,-38.8,2.18,801,35.0,1.67,305.6,239.2,-18.9,False,0
MOM40 + ST8 + BEAR40,3,0.05,14423.0,2784.6,-53.6,2.12,792,35.0,1.49,516.5,365.1,-29.6,False,0
MOM40 + ST8 + ROT40,3,0.01,1633.0,226.7,-24.4,1.8,1532,25.3,1.7,115.6,51.0,-6.9,False,0
MOM40 + ST8 + ROT40,3,0.02,2937.0,487.4,-41.8,1.71,1539,25.1,1.54,199.7,94.9,-13.3,False,0
MOM40 + ST8 + ROT40,3,0.03,4308.0,761.6,-54.7,1.66,1530,25.2,1.46,277.2,126.6,-19.2,False,0
MOM40 + ST8 + ROT40,3,0.05,5763.0,1052.6,-73.8,1.56,1507,25.2,1.32,380.1,137.1,-28.4,False,0
MOM40 + ST8 + SQZ40b,3,0.01,1808.0,261.6,-19.6,2.09,1404,37.0,1.49,136.9,52.0,-7.8,False,0
MOM40 + ST8 + SQZ40b,3,0.02,4445.0,789.0,-34.4,2.11,1401,37.1,1.38,334.0,103.3,-14.9,False,0
MOM40 + ST8 + SQZ40b,3,0.03,7859.0,1471.9,-45.9,2.04,1390,37.1,1.31,554.7,137.3,-21.5,False,0
MOM40 + ST8 + SQZ40b,3,0.05,17282.0,3356.4,-61.9,2.0,1359,37.2,1.23,1052.9,194.4,-33.1,False,0
MOM40 + ST8+PY + DCA40,3,0.01,1769.0,253.8,-13.5,2.2,759,58.0,2.61,124.5,57.4,-3.4,False,0
MOM40 + ST8+PY + DCA40,3,0.02,4237.0,747.3,-25.5,2.24,1050,66.2,2.21,287.0,118.4,-6.9,False,0
MOM40 + ST8+PY + DCA40,3,0.03,8137.0,1527.4,-34.8,2.25,1073,67.0,2.07,480.5,179.3,-10.2,False,0
MOM40 + ST8+PY + DCA40,3,0.05,17571.0,3414.3,-49.3,2.23,1054,66.9,1.81,913.4,244.7,-16.6,False,0
MOM40 + ST8+PY + BRK8,3,0.01,2014.0,302.7,-24.4,1.95,695,28.8,2.02,169.4,49.4,-4.6,False,0
MOM40 + ST8+PY + BRK8,3,0.02,4941.0,888.2,-42.1,1.96,691,28.8,1.8,414.8,91.9,-9.0,False,0
MOM40 + ST8+PY + BRK8,3,0.03,9054.0,1710.8,-54.9,1.93,690,28.8,1.68,695.8,127.4,-13.4,False,0
MOM40 + ST8+PY + BRK8,3,0.05,14099.0,2719.8,-71.5,1.84,685,29.5,1.45,1079.7,138.7,-20.5,False,0
MOM40 + ST8+PY + BEAR40,3,0.01,1868.0,273.6,-16.5,2.22,804,33.8,2.02,112.7,75.4,-6.7,False,0
MOM40 + ST8+PY + BEAR40,3,0.02,4595.0,818.9,-29.6,2.25,803,33.9,1.83,245.4,165.3,-13.0,False,0
MOM40 + ST8+PY + BEAR40,3,0.03,8807.0,1661.3,-40.2,2.24,801,34.0,1.7,388.7,259.1,-18.9,False,0
MOM40 + ST8+PY + BEAR40,3,0.05,17679.0,3435.8,-55.1,2.17,791,33.8,1.47,671.6,355.5,-29.6,False,0
MOM40 + ST8+PY + ROT40,3,0.01,1838.0,267.6,-25.2,1.85,1533,24.8,1.74,134.4,56.4,-7.0,False,0
MOM40 + ST8+PY + ROT40,3,0.02,3521.0,604.2,-43.0,1.78,1537,24.6,1.58,242.0,104.7,-13.6,False,0
MOM40 + ST8+PY + ROT40,3,0.03,5275.0,954.9,-56.5,1.72,1529,24.7,1.48,342.5,136.5,-19.6,False,0
MOM40 + ST8+PY + ROT40,3,0.05,6805.0,1261.1,-75.2,1.61,1507,24.7,1.32,481.5,131.1,-29.1,False,0
MOM40 + ST8+PY + SQZ40b,3,0.01,2058.0,311.7,-20.3,2.14,1404,36.5,1.53,160.3,57.5,-7.8,False,0
MOM40 + ST8+PY + SQZ40b,3,0.02,5413.0,982.6,-35.4,2.16,1401,36.5,1.4,402.0,114.0,-14.9,False,0
MOM40 + ST8+PY + SQZ40b,3,0.03,9836.0,1867.2,-46.8,2.09,1388,36.5,1.33,681.5,148.9,-21.5,False,0
MOM40 + ST8+PY + SQZ40b,3,0.05,21750.0,4249.9,-63.1,2.06,1354,36.7,1.22,1333.6,197.9,-33.1,False,0
MOM40 + DCA40 + BRK8,3,0.01,1445.0,189.1,-18.1,1.94,861,50.4,1.99,105.5,40.6,-4.4,False,0
MOM40 + DCA40 + BRK8,3,0.02,3098.0,519.6,-33.1,1.94,1182,60.4,1.76,247.0,78.3,-10.7,False,0
MOM40 + DCA40 + BRK8,3,0.03,5828.0,1065.5,-44.4,1.96,1219,61.7,1.68,436.8,116.8,-15.5,False,0
MOM40 + DCA40 + BRK8,3,0.05,11077.0,2115.4,-58.8,1.91,1174,61.7,1.55,701.7,175.7,-25.5,False,0
MOM40 + DCA40 + BEAR40,3,0.01,1273.0,154.6,-12.9,2.05,916,49.6,1.94,56.8,62.1,-5.7,False,0
MOM40 + DCA40 + BEAR40,3,0.02,2624.0,424.8,-24.5,2.14,1290,60.8,1.73,120.4,137.3,-10.9,False,0
MOM40 + DCA40 + BEAR40,3,0.03,4861.0,872.2,-34.1,2.2,1337,62.2,1.65,195.2,227.9,-16.0,False,0
MOM40 + DCA40 + BEAR40,3,0.05,10723.0,2044.6,-47.9,2.19,1333,62.3,1.51,318.5,408.9,-25.5,False,0
MOM40 + DCA40 + ROT40,3,0.01,1334.0,166.8,-21.2,1.77,1659,34.8,1.68,81.6,46.4,-6.9,False,0
MOM40 + DCA40 + ROT40,3,0.02,2195.0,339.1,-40.9,1.66,2016,43.7,1.49,133.7,86.7,-14.6,False,0
MOM40 + DCA40 + ROT40,3,0.03,3370.0,574.0,-52.1,1.66,2062,45.0,1.44,194.8,126.6,-20.9,False,0
MOM40 + DCA40 + ROT40,3,0.05,4680.0,835.9,-69.3,1.56,2009,44.4,1.34,255.4,159.8,-31.5,False,0
MOM40 + DCA40 + SQZ40b,3,0.01,1434.0,186.9,-17.5,2.05,1572,47.4,1.45,95.6,46.0,-6.8,False,0
MOM40 + DCA40 + SQZ40b,3,0.02,3276.0,555.1,-30.8,2.13,1905,54.6,1.36,230.5,96.6,-12.9,False,0
MOM40 + DCA40 + SQZ40b,3,0.03,6558.0,1211.6,-41.8,2.16,1928,55.3,1.31,413.5,152.3,-18.6,False,0
MOM40 + DCA40 + SQZ40b,3,0.05,15877.0,3075.3,-56.7,2.14,1890,55.8,1.24,887.1,215.5,-29.0,False,0
MOM40 + BRK8 + BEAR40,3,0.01,1512.0,202.3,-20.3,1.91,949,31.8,1.7,94.5,55.3,-8.2,False,0
MOM40 + BRK8 + BEAR40,3,0.02,3345.0,569.0,-36.1,1.92,946,31.8,1.57,210.8,115.0,-15.9,False,0
MOM40 + BRK8 + BEAR40,3,0.03,5940.0,1088.0,-48.6,1.9,946,31.8,1.48,330.9,175.2,-22.9,False,0
MOM40 + BRK8 + BEAR40,3,0.05,10749.0,2049.9,-64.7,1.84,933,32.5,1.36,465.9,278.9,-33.4,False,0
MOM40 + BRK8 + ROT40,3,0.01,1533.0,206.6,-28.8,1.64,1674,24.5,1.55,119.1,39.6,-7.6,False,0
MOM40 + BRK8 + ROT40,3,0.02,2639.0,427.9,-48.5,1.54,1682,24.3,1.42,209.3,69.9,-16.3,False,0
MOM40 + BRK8 + ROT40,3,0.03,3755.0,650.9,-62.4,1.5,1674,24.4,1.35,292.2,90.3,-23.5,False,0
MOM40 + BRK8 + ROT40,3,0.05,4301.0,760.2,-79.4,1.41,1645,24.7,1.24,333.4,96.6,-36.1,False,0
MOM40 + BRK8 + SQZ40b,3,0.01,1664.0,232.7,-22.8,1.83,1549,35.0,1.41,136.9,40.0,-9.3,False,0
MOM40 + BRK8 + SQZ40b,3,0.02,3877.0,675.4,-39.9,1.85,1544,35.0,1.31,341.1,74.7,-17.7,False,0
MOM40 + BRK8 + SQZ40b,3,0.03,6642.0,1228.3,-53.4,1.8,1524,35.0,1.25,586.5,91.7,-25.4,False,0
MOM40 + BRK8 + SQZ40b,3,0.05,10414.0,1982.8,-75.1,1.72,1473,35.4,1.16,993.4,87.6,-39.6,False,0
MOM40 + BEAR40 + ROT40,3,0.01,1416.0,183.2,-21.1,1.83,1783,27.0,1.53,73.4,62.7,-7.2,False,0
MOM40 + BEAR40 + ROT40,3,0.02,2439.0,387.7,-38.0,1.74,1794,26.8,1.41,110.2,130.6,-15.3,False,0
MOM40 + BEAR40 + ROT40,3,0.03,3620.0,624.0,-49.8,1.7,1792,26.9,1.35,138.5,200.9,-21.7,False,0
MOM40 + BEAR40 + ROT40,3,0.05,5176.0,935.1,-68.7,1.6,1770,26.9,1.26,156.8,297.6,-33.2,False,0
MOM40 + BEAR40 + SQZ40b,3,0.01,1492.0,198.3,-21.4,1.85,1658,37.0,1.38,84.8,60.8,-11.3,False,0
MOM40 + BEAR40 + SQZ40b,3,0.02,3290.0,557.9,-38.0,1.87,1655,37.1,1.29,188.6,126.1,-21.3,False,0
MOM40 + BEAR40 + SQZ40b,3,0.03,5862.0,1072.5,-51.0,1.86,1652,37.2,1.23,293.8,194.1,-30.1,False,0
MOM40 + BEAR40 + SQZ40b,3,0.05,11576.0,2215.1,-72.4,1.84,1603,37.4,1.15,554.1,247.1,-43.6,False,0
MOM40 + ROT40 + SQZ40b,3,0.01,1569.0,213.7,-22.2,1.8,2383,30.3,1.34,112.6,46.7,-8.0,False,0
MOM40 + ROT40 + SQZ40b,3,0.02,2901.0,480.2,-38.4,1.72,2392,30.1,1.26,206.2,87.4,-15.2,False,0
MOM40 + ROT40 + SQZ40b,3,0.03,4190.0,738.0,-51.7,1.64,2377,30.2,1.2,304.1,104.0,-21.8,False,0
MOM40 + ROT40 + SQZ40b,3,0.05,4766.0,853.2,-75.2,1.48,2337,30.0,1.13,393.0,88.4,-33.3,False,0
MOM40+PY + ST8 + DCA40,3,0.01,1972.0,294.4,-16.6,2.16,790,59.1,2.64,131.6,69.8,-3.4,False,0
MOM40+PY + ST8 + DCA40,3,0.02,4917.0,883.4,-29.2,2.21,1050,66.2,2.28,289.8,151.2,-7.4,False,0
MOM40+PY + ST8 + DCA40,3,0.03,9626.0,1825.2,-38.8,2.24,1072,67.2,2.15,466.1,238.0,-11.0,False,0
MOM40+PY + ST8 + DCA40,3,0.05,17955.0,3490.9,-54.4,2.16,1034,67.1,1.85,780.6,303.9,-20.1,False,0
MOM40+PY + ST8 + BRK8,3,0.01,2236.0,347.2,-25.2,1.97,695,28.6,2.07,175.2,62.3,-5.9,False,0
MOM40+PY + ST8 + BRK8,3,0.02,5703.0,1040.7,-42.8,1.99,691,28.7,1.86,413.5,121.6,-11.6,False,0
MOM40+PY + ST8 + BRK8,3,0.03,10628.0,2025.7,-54.9,1.97,688,28.6,1.73,673.1,174.0,-17.1,False,0
MOM40+PY + ST8 + BRK8,3,0.05,15652.0,3030.3,-71.3,1.85,675,29.3,1.5,953.4,195.5,-24.4,False,0
MOM40+PY + ST8 + BEAR40,3,0.01,2064.0,312.7,-18.6,2.16,804,33.7,2.07,117.6,89.2,-6.9,False,0
MOM40+PY + ST8 + BEAR40,3,0.02,5195.0,939.0,-32.7,2.21,803,33.7,1.87,244.8,200.0,-13.3,False,0
MOM40+PY + ST8 + BEAR40,3,0.03,9920.0,1884.1,-43.2,2.21,799,33.8,1.74,374.1,315.8,-19.4,False,0
MOM40+PY + ST8 + BEAR40,3,0.05,17945.0,3489.0,-57.0,2.12,777,33.7,1.5,578.5,423.8,-30.3,False,0
MOM40+PY + ST8 + ROT40,3,0.01,2010.0,302.0,-25.2,1.86,1536,24.7,1.78,137.0,68.9,-7.1,False,0
MOM40+PY + ST8 + ROT40,3,0.02,3975.0,695.1,-42.7,1.8,1535,24.6,1.62,239.7,132.3,-13.7,False,0
MOM40+PY + ST8 + ROT40,3,0.03,5898.0,1079.6,-55.6,1.74,1527,24.6,1.51,325.6,174.2,-19.8,False,0
MOM40+PY + ST8 + ROT40,3,0.05,6449.0,1189.7,-74.8,1.57,1490,24.5,1.32,403.0,152.3,-31.0,False,0
MOM40+PY + ST8 + SQZ40b,3,0.01,2288.0,357.6,-22.2,2.13,1404,36.4,1.56,166.3,71.0,-7.9,False,0
MOM40+PY + ST8 + SQZ40b,3,0.02,6236.0,1147.3,-38.1,2.17,1401,36.5,1.44,401.6,146.3,-15.2,False,0
MOM40+PY + ST8 + SQZ40b,3,0.03,11386.0,2177.2,-49.9,2.11,1383,36.4,1.36,660.8,195.2,-21.9,False,0
MOM40+PY + ST8 + SQZ40b,3,0.05,21470.0,4194.1,-63.9,2.02,1338,36.5,1.24,1143.8,237.7,-33.8,False,0
MOM40+PY + ST8+PY + DCA40,3,0.01,2207.0,341.4,-17.5,2.18,817,58.8,2.64,152.9,74.1,-3.7,False,0
MOM40+PY + ST8+PY + DCA40,3,0.02,5925.0,1085.1,-29.2,2.25,1051,65.5,2.32,346.3,164.3,-7.3,False,0
MOM40+PY + ST8+PY + DCA40,3,0.03,11917.0,2283.4,-38.8,2.27,1068,66.3,2.17,567.4,254.9,-10.8,False,0
MOM40+PY + ST8+PY + DCA40,3,0.05,23048.0,4509.5,-54.4,2.22,1022,66.3,1.82,1056.9,294.6,-19.7,False,0
MOM40+PY + ST8+PY + BRK8,3,0.01,2510.0,402.1,-25.7,2.01,695,27.5,2.11,199.2,67.6,-5.8,False,0
MOM40+PY + ST8+PY + BRK8,3,0.02,6725.0,1244.9,-43.4,2.02,691,27.5,1.88,480.1,131.3,-11.4,False,0
MOM40+PY + ST8+PY + BRK8,3,0.03,12921.0,2484.3,-55.6,2.0,687,27.5,1.75,792.5,188.5,-16.8,False,0
MOM40+PY + ST8+PY + BRK8,3,0.05,17856.0,3471.2,-72.4,1.88,675,28.1,1.47,1150.4,184.0,-24.1,False,0
MOM40+PY + ST8+PY + BEAR40,3,0.01,2339.0,367.7,-19.3,2.22,804,32.7,2.12,137.8,96.3,-6.9,False,0
MOM40+PY + ST8+PY + BEAR40,3,0.02,6280.0,1156.0,-33.7,2.26,803,32.8,1.91,295.0,216.6,-13.3,False,0
MOM40+PY + ST8+PY + BEAR40,3,0.03,12357.0,2371.3,-44.4,2.26,799,32.8,1.77,460.5,338.1,-19.4,False,0
MOM40+PY + ST8+PY + BEAR40,3,0.05,21778.0,4255.7,-58.2,2.16,779,32.6,1.48,734.7,416.7,-30.3,False,0
MOM40+PY + ST8+PY + ROT40,3,0.01,2248.0,349.7,-25.7,1.9,1536,24.2,1.82,156.6,74.6,-7.2,False,0
MOM40+PY + ST8+PY + ROT40,3,0.02,4700.0,840.0,-43.4,1.85,1534,24.1,1.65,283.9,143.0,-14.0,False,0
MOM40+PY + ST8+PY + ROT40,3,0.03,7133.0,1326.7,-56.4,1.79,1526,24.0,1.54,392.4,186.7,-20.2,False,0
MOM40+PY + ST8+PY + ROT40,3,0.05,7520.0,1403.9,-76.0,1.62,1489,24.0,1.31,499.4,146.9,-29.9,False,0
MOM40+PY + ST8+PY + SQZ40b,3,0.01,2581.0,416.2,-22.9,2.17,1404,35.8,1.59,190.4,76.9,-7.9,False,0
MOM40+PY + ST8+PY + SQZ40b,3,0.02,7450.0,1390.0,-39.1,2.21,1401,35.9,1.46,471.6,158.2,-15.2,False,0
MOM40+PY + ST8+PY + SQZ40b,3,0.03,14578.0,2815.5,-50.9,2.16,1381,35.9,1.37,823.5,211.3,-21.9,False,0
MOM40+PY + ST8+PY + SQZ40b,3,0.05,23580.0,4616.1,-65.1,2.04,1336,35.9,1.21,1419.1,203.6,-33.8,False,0
MOM40+PY + DCA40 + BRK8,3,0.01,1845.0,268.9,-20.5,1.98,927,51.9,2.09,135.3,56.5,-5.4,False,0
MOM40+PY + DCA40 + BRK8,3,0.02,4499.0,799.8,-34.6,2.01,1190,59.8,1.87,311.3,118.2,-12.3,False,0
MOM40+PY + DCA40 + BRK8,3,0.03,9098.0,1719.7,-44.6,2.05,1214,61.0,1.79,536.5,184.7,-17.8,False,0
MOM40+PY + DCA40 + BRK8,3,0.05,16079.0,3115.8,-58.6,1.99,1154,60.9,1.6,832.1,242.8,-28.3,False,0
MOM40+PY + DCA40 + BEAR40,3,0.01,1658.0,231.6,-16.7,2.08,981,51.4,2.08,81.8,81.9,-5.9,False,0
MOM40+PY + DCA40 + BEAR40,3,0.02,3914.0,682.9,-29.2,2.19,1307,60.6,1.85,169.1,189.5,-11.3,False,0
MOM40+PY + DCA40 + BEAR40,3,0.03,7533.0,1406.5,-39.1,2.24,1326,61.4,1.74,264.1,310.8,-16.5,False,0
MOM40+PY + DCA40 + BEAR40,3,0.05,14372.0,2774.5,-51.6,2.2,1315,61.9,1.52,412.3,455.2,-26.3,False,0
MOM40+PY + DCA40 + ROT40,3,0.01,1690.0,238.0,-23.6,1.84,1718,36.1,1.78,104.6,64.5,-7.3,False,0
MOM40+PY + DCA40 + ROT40,3,0.02,3135.0,527.1,-43.2,1.78,2030,43.6,1.59,173.1,127.8,-15.9,False,0
MOM40+PY + DCA40 + ROT40,3,0.03,4877.0,875.3,-55.0,1.76,2052,44.5,1.52,241.4,182.5,-22.7,False,0
MOM40+PY + DCA40 + ROT40,3,0.05,6077.0,1115.4,-70.2,1.62,1975,44.2,1.35,335.8,174.3,-34.6,False,0
MOM40+PY + DCA40 + SQZ40b,3,0.01,1868.0,273.6,-20.2,2.11,1648,48.8,1.53,125.6,64.7,-6.9,False,0
MOM40+PY + DCA40 + SQZ40b,3,0.02,4846.0,869.2,-34.9,2.19,1907,54.2,1.42,298.9,140.6,-13.2,False,0
MOM40+PY + DCA40 + SQZ40b,3,0.03,9549.0,1809.8,-45.7,2.19,1918,54.9,1.36,517.8,204.6,-19.1,False,0
MOM40+PY + DCA40 + SQZ40b,3,0.05,21365.0,4173.0,-59.7,2.17,1843,55.0,1.25,1041.6,265.7,-29.8,False,0
MOM40+PY + BRK8 + BEAR40,3,0.01,1939.0,287.8,-22.6,1.98,949,30.9,1.8,121.8,74.6,-8.4,False,0
MOM40+PY + BRK8 + BEAR40,3,0.02,4798.0,859.7,-39.3,2.01,946,30.9,1.65,268.3,159.7,-16.2,False,0
MOM40+PY + BRK8 + BEAR40,3,0.03,9232.0,1746.4,-51.5,2.01,941,30.9,1.56,429.9,246.9,-23.4,False,0
MOM40+PY + BRK8 + BEAR40,3,0.05,14415.0,2783.0,-68.5,1.91,921,31.4,1.38,559.2,334.5,-34.1,False,0
MOM40+PY + BRK8 + ROT40,3,0.01,1912.0,282.3,-29.9,1.73,1677,23.9,1.63,143.5,56.5,-8.8,False,0
MOM40+PY + BRK8 + ROT40,3,0.02,3635.0,627.0,-49.7,1.66,1681,23.7,1.49,254.6,103.8,-17.9,False,0
MOM40+PY + BRK8 + ROT40,3,0.03,5584.0,1016.8,-63.3,1.63,1668,23.9,1.43,354.6,143.6,-25.6,False,0
MOM40+PY + BRK8 + ROT40,3,0.05,4963.0,892.5,-81.1,1.45,1625,23.8,1.24,353.6,116.0,-38.7,False,0
MOM40+PY + BRK8 + SQZ40b,3,0.01,2135.0,327.0,-25.4,1.93,1549,34.4,1.47,169.4,57.9,-9.5,False,0
MOM40+PY + BRK8 + SQZ40b,3,0.02,5579.0,1015.8,-43.2,1.95,1544,34.5,1.36,419.5,113.0,-18.1,False,0
MOM40+PY + BRK8 + SQZ40b,3,0.03,10471.0,1994.3,-56.4,1.93,1517,34.4,1.3,724.2,151.1,-25.9,False,0
MOM40+PY + BRK8 + SQZ40b,3,0.05,16087.0,3117.4,-74.6,1.84,1458,34.8,1.18,1188.6,145.0,-40.3,False,0
MOM40+PY + BEAR40 + ROT40,3,0.01,1775.0,254.9,-23.4,1.89,1786,26.5,1.61,94.1,82.1,-8.3,False,0
MOM40+PY + BEAR40 + ROT40,3,0.02,3395.0,579.1,-40.5,1.83,1793,26.3,1.48,144.7,175.3,-16.6,False,0
MOM40+PY + BEAR40 + ROT40,3,0.03,5209.0,941.7,-52.2,1.79,1785,26.4,1.41,182.9,264.2,-23.5,False,0
MOM40+PY + BEAR40 + ROT40,3,0.05,5931.0,1086.3,-71.6,1.61,1748,26.4,1.26,190.5,301.6,-36.2,False,0
MOM40+PY + BEAR40 + SQZ40b,3,0.01,1928.0,285.7,-24.0,1.97,1658,36.5,1.45,111.9,81.1,-11.5,False,0
MOM40+PY + BEAR40 + SQZ40b,3,0.02,4808.0,861.5,-41.7,2.0,1655,36.6,1.34,246.7,174.6,-21.6,False,0
MOM40+PY + BEAR40 + SQZ40b,3,0.03,8551.0,1610.2,-54.9,1.98,1643,36.6,1.27,383.0,248.9,-30.5,False,0
MOM40+PY + BEAR40 + SQZ40b,3,0.05,15121.0,2924.3,-73.2,1.91,1585,36.7,1.15,686.4,275.7,-44.2,False,0
MOM40+PY + ROT40 + SQZ40b,3,0.01,1963.0,292.7,-24.7,1.87,2388,29.9,1.4,136.9,64.7,-8.2,False,0
MOM40+PY + ROT40 + SQZ40b,3,0.02,4057.0,711.4,-41.7,1.82,2391,29.8,1.3,254.8,125.8,-15.6,False,0
MOM40+PY + ROT40 + SQZ40b,3,0.03,6301.0,1160.2,-54.4,1.76,2369,29.8,1.25,373.7,161.1,-22.3,False,0
MOM40+PY + ROT40 + SQZ40b,3,0.05,6524.0,1204.9,-74.0,1.57,2311,29.7,1.14,439.0,138.6,-34.0,False,0
ST8 + DCA40 + BRK8,3,0.01,996.0,99.2,-19.4,1.56,545,50.1,1.84,74.4,14.3,-4.1,False,0
ST8 + DCA40 + BRK8,3,0.02,1702.0,240.4,-37.7,1.57,906,65.5,1.62,184.5,20.0,-8.0,False,0
ST8 + DCA40 + BRK8,3,0.03,2649.0,429.8,-49.7,1.59,993,67.7,1.54,322.7,25.9,-11.7,False,0
ST8 + DCA40 + BRK8,3,0.05,3640.0,628.1,-66.1,1.49,973,68.1,1.37,496.4,23.0,-19.2,False,0
ST8 + DCA40 + BEAR40,3,0.01,874.0,74.8,-11.0,1.78,602,48.3,1.75,31.2,33.2,-5.5,False,0
ST8 + DCA40 + BEAR40,3,0.02,1450.0,190.0,-22.9,1.89,995,64.7,1.59,73.6,67.2,-11.4,False,0
ST8 + DCA40 + BEAR40,3,0.03,2304.0,360.7,-30.6,1.95,1121,67.6,1.53,117.6,111.9,-16.5,False,0
ST8 + DCA40 + BEAR40,3,0.05,4548.0,809.5,-42.9,1.94,1142,68.2,1.43,210.1,193.9,-26.2,False,0
ST8 + DCA40 + ROT40,3,0.01,955.0,90.9,-23.5,1.5,1348,31.0,1.53,58.1,20.6,-4.7,False,0
ST8 + DCA40 + ROT40,3,0.02,1306.0,161.2,-41.9,1.34,1733,43.3,1.36,93.9,34.4,-10.6,False,0
ST8 + DCA40 + ROT40,3,0.03,1758.0,251.6,-53.5,1.34,1837,46.1,1.32,140.6,45.6,-16.0,False,0
ST8 + DCA40 + ROT40,3,0.05,2378.0,375.6,-68.4,1.29,1833,46.5,1.24,209.9,52.6,-25.3,False,0
ST8 + DCA40 + SQZ40b,3,0.01,987.0,97.4,-13.9,1.71,1259,46.6,1.33,64.2,19.9,-6.6,False,0
ST8 + DCA40 + SQZ40b,3,0.02,1748.0,249.7,-27.5,1.76,1629,56.2,1.26,161.7,33.0,-13.3,False,0
ST8 + DCA40 + SQZ40b,3,0.03,2899.0,479.8,-38.4,1.79,1722,58.2,1.22,293.0,46.5,-19.3,False,0
ST8 + DCA40 + SQZ40b,3,0.05,5157.0,931.4,-56.6,1.73,1703,58.5,1.15,534.9,60.6,-30.1,False,0
ST8 + BRK8 + BEAR40,3,0.01,1063.0,112.7,-19.7,1.58,733,31.8,1.56,66.3,28.1,-8.4,False,0
ST8 + BRK8 + BEAR40,3,0.02,1898.0,279.6,-35.9,1.59,733,31.7,1.46,149.5,52.6,-16.2,False,0
ST8 + BRK8 + BEAR40,3,0.03,2890.0,478.1,-49.1,1.57,731,31.5,1.38,237.1,72.2,-23.4,False,0
ST8 + BRK8 + BEAR40,3,0.05,4107.0,721.3,-67.2,1.48,724,32.2,1.24,329.3,92.7,-35.4,False,0
ST8 + BRK8 + ROT40,3,0.01,1111.0,122.2,-33.0,1.36,1459,23.4,1.43,93.1,15.1,-5.0,False,0
ST8 + BRK8 + ROT40,3,0.02,1578.0,215.6,-54.4,1.24,1470,23.1,1.31,162.2,20.3,-9.8,False,0
ST8 + BRK8 + ROT40,3,0.03,1930.0,286.1,-68.5,1.19,1465,23.0,1.24,225.0,18.7,-14.9,False,0
ST8 + BRK8 + ROT40,3,0.05,1865.0,273.0,-83.6,1.1,1439,23.6,1.14,249.9,6.5,-26.5,False,0
ST8 + BRK8 + SQZ40b,3,0.01,1157.0,131.4,-24.7,1.48,1334,35.5,1.31,102.8,14.0,-9.5,False,0
ST8 + BRK8 + SQZ40b,3,0.02,2129.0,325.8,-43.7,1.49,1331,35.5,1.23,257.6,18.8,-18.1,False,0
ST8 + BRK8 + SQZ40b,3,0.03,2843.0,468.7,-58.5,1.41,1320,35.0,1.17,388.6,16.0,-26.0,False,0
ST8 + BRK8 + SQZ40b,3,0.05,3820.0,664.0,-77.3,1.38,1284,35.7,1.09,683.2,-3.0,-40.7,False,0
ST8 + BEAR40 + ROT40,3,0.01,1035.0,107.0,-23.5,1.63,1568,26.3,1.41,51.8,36.2,-7.2,False,0
ST8 + BEAR40 + ROT40,3,0.02,1514.0,202.7,-39.2,1.49,1581,26.1,1.31,75.5,72.1,-13.8,False,0
ST8 + BEAR40 + ROT40,3,0.03,2031.0,306.3,-51.4,1.44,1581,26.1,1.26,97.2,105.3,-19.9,False,0
ST8 + BEAR40 + ROT40,3,0.05,2685.0,437.0,-70.5,1.35,1567,26.2,1.19,112.0,151.8,-30.3,False,0
ST8 + BEAR40 + SQZ40b,3,0.01,1036.0,107.2,-22.3,1.47,1444,37.7,1.27,55.8,32.7,-11.5,False,0
ST8 + BEAR40 + SQZ40b,3,0.02,1850.0,270.0,-40.4,1.5,1442,37.8,1.21,129.1,60.8,-21.7,False,0
ST8 + BEAR40 + SQZ40b,3,0.03,2834.0,466.9,-53.7,1.5,1440,37.8,1.17,203.7,85.4,-30.7,False,0
ST8 + BEAR40 + SQZ40b,3,0.05,3697.0,639.5,-75.2,1.39,1409,37.5,1.09,271.2,97.0,-43.4,False,0
ST8 + ROT40 + SQZ40b,3,0.01,1134.0,126.9,-22.3,1.54,2168,30.1,1.26,86.5,21.2,-8.2,False,0
ST8 + ROT40 + SQZ40b,3,0.02,1739.0,247.8,-39.9,1.42,2179,29.9,1.19,157.8,33.9,-15.6,False,0
ST8 + ROT40 + SQZ40b,3,0.03,2146.0,329.2,-53.4,1.32,2169,29.6,1.14,204.5,39.3,-22.4,False,0
ST8 + ROT40 + SQZ40b,3,0.05,2352.0,370.4,-73.2,1.21,2138,29.8,1.08,270.8,24.5,-34.2,False,0
ST8+PY + DCA40 + BRK8,3,0.01,1169.0,133.8,-21.1,1.66,583,51.5,1.96,96.8,19.0,-4.3,False,0
ST8+PY + DCA40 + BRK8,3,0.02,2150.0,330.1,-39.8,1.66,927,64.9,1.69,235.5,28.6,-8.4,False,0
ST8+PY + DCA40 + BRK8,3,0.03,3591.0,618.1,-52.9,1.69,986,66.6,1.59,434.2,35.0,-12.3,False,0
ST8+PY + DCA40 + BRK8,3,0.05,4779.0,855.7,-69.3,1.58,970,67.2,1.36,700.3,20.3,-20.2,False,0
ST8+PY + DCA40 + BEAR40,3,0.01,1043.0,108.6,-13.5,1.95,645,50.2,1.92,49.1,39.9,-5.8,False,0
ST8+PY + DCA40 + BEAR40,3,0.02,1939.0,287.8,-25.8,2.06,1035,64.7,1.69,113.4,81.9,-11.3,False,0
ST8+PY + DCA40 + BEAR40,3,0.03,3354.0,570.9,-32.3,2.13,1127,67.2,1.61,192.8,129.3,-16.5,False,0
ST8+PY + DCA40 + BEAR40,3,0.05,6422.0,1184.4,-44.9,2.08,1135,67.3,1.42,346.8,188.0,-26.2,False,0
ST8+PY + DCA40 + ROT40,3,0.01,1114.0,122.9,-25.3,1.62,1392,32.6,1.62,76.4,26.1,-4.9,False,0
ST8+PY + DCA40 + ROT40,3,0.02,1657.0,231.3,-44.0,1.47,1766,43.7,1.43,131.0,43.1,-11.0,False,0
ST8+PY + DCA40 + ROT40,3,0.03,2367.0,373.4,-53.9,1.48,1837,45.7,1.37,204.6,54.8,-16.0,False,0
ST8+PY + DCA40 + ROT40,3,0.05,3122.0,524.5,-70.2,1.41,1822,46.0,1.25,316.9,48.9,-24.9,False,0
ST8+PY + DCA40 + SQZ40b,3,0.01,1171.0,134.2,-14.3,1.85,1308,47.9,1.4,86.2,25.5,-6.8,False,0
ST8+PY + DCA40 + SQZ40b,3,0.02,2307.0,361.4,-28.3,1.9,1651,56.2,1.3,219.4,43.8,-13.3,False,0
ST8+PY + DCA40 + SQZ40b,3,0.03,4090.0,718.0,-39.5,1.93,1724,57.8,1.25,410.8,59.1,-19.3,False,0
ST8+PY + DCA40 + SQZ40b,3,0.05,7054.0,1310.7,-58.0,1.84,1683,57.8,1.15,781.7,58.2,-30.1,False,0
ST8+PY + BRK8 + BEAR40,3,0.01,1243.0,148.5,-20.8,1.7,733,30.7,1.65,86.6,33.4,-8.4,False,0
ST8+PY + BRK8 + BEAR40,3,0.02,2443.0,388.6,-37.6,1.72,733,30.6,1.52,201.6,62.5,-16.2,False,0
ST8+PY + BRK8 + BEAR40,3,0.03,3951.0,690.1,-51.1,1.7,731,30.4,1.42,326.9,85.9,-23.4,False,0
ST8+PY + BRK8 + BEAR40,3,0.05,5504.0,1000.8,-68.3,1.6,724,31.1,1.24,480.5,91.0,-35.4,False,0
ST8+PY + BRK8 + ROT40,3,0.01,1268.0,153.7,-34.4,1.45,1460,22.8,1.49,112.6,19.3,-5.2,False,0
ST8+PY + BRK8 + ROT40,3,0.02,1942.0,288.4,-56.2,1.34,1470,22.5,1.35,206.6,26.6,-10.1,False,0
ST8+PY + BRK8 + ROT40,3,0.03,2535.0,407.0,-70.1,1.31,1461,22.5,1.27,301.7,26.1,-14.4,False,0
ST8+PY + BRK8 + ROT40,3,0.05,2321.0,364.1,-84.9,1.19,1436,23.1,1.15,344.9,4.2,-25.0,False,0
ST8+PY + BRK8 + SQZ40b,3,0.01,1340.0,168.0,-25.2,1.58,1335,34.8,1.35,126.3,18.3,-9.5,False,0
ST8+PY + BRK8 + SQZ40b,3,0.02,2695.0,439.0,-44.4,1.6,1331,34.9,1.26,328.5,25.5,-18.1,False,0
ST8+PY + BRK8 + SQZ40b,3,0.03,3789.0,657.7,-59.3,1.52,1320,34.4,1.18,511.1,23.6,-26.0,False,0
ST8+PY + BRK8 + SQZ40b,3,0.05,5128.0,925.6,-76.9,1.48,1278,35.1,1.1,914.3,0.5,-40.7,False,0
ST8+PY + BEAR40 + ROT40,3,0.01,1197.0,139.3,-25.3,1.74,1568,25.8,1.48,68.4,41.9,-7.2,False,0
ST8+PY + BEAR40 + ROT40,3,0.02,1924.0,284.8,-41.2,1.63,1581,25.6,1.37,109.0,83.7,-13.8,False,0
ST8+PY + BEAR40 + ROT40,3,0.03,2686.0,437.1,-53.4,1.57,1579,25.5,1.3,144.7,118.7,-19.9,False,0
ST8+PY + BEAR40 + ROT40,3,0.05,3591.0,618.2,-71.2,1.47,1561,25.8,1.2,187.6,148.3,-30.3,False,0
ST8+PY + BEAR40 + SQZ40b,3,0.01,1221.0,144.3,-22.7,1.65,1444,37.2,1.33,76.0,38.5,-11.5,False,0
ST8+PY + BEAR40 + SQZ40b,3,0.02,2430.0,386.0,-40.9,1.68,1442,37.2,1.25,180.8,72.3,-21.7,False,0
ST8+PY + BEAR40 + SQZ40b,3,0.03,4017.0,703.5,-54.3,1.68,1440,37.3,1.19,294.4,102.3,-30.7,False,0
ST8+PY + BEAR40 + SQZ40b,3,0.05,5217.0,943.4,-75.7,1.53,1406,37.0,1.1,423.2,97.2,-43.4,False,0
ST8+PY + ROT40 + SQZ40b,3,0.01,1302.0,160.5,-23.3,1.63,2169,29.7,1.3,106.2,25.8,-8.2,False,0
ST8+PY + ROT40 + SQZ40b,3,0.02,2173.0,334.6,-41.3,1.54,2179,29.6,1.21,204.5,41.7,-15.6,False,0
ST8+PY + ROT40 + SQZ40b,3,0.03,2824.0,464.9,-54.8,1.44,2165,29.3,1.16,273.9,49.4,-22.4,False,0
ST8+PY + ROT40 + SQZ40b,3,0.05,3065.0,513.1,-73.9,1.32,2130,29.4,1.09,380.3,25.3,-34.2,False,0
DCA40 + BRK8 + BEAR40,3,0.01,761.0,52.3,-16.1,1.2,714,39.6,1.41,26.9,20.1,-7.2,False,0
DCA40 + BRK8 + BEAR40,3,0.02,1176.0,135.2,-30.9,1.33,1101,57.9,1.36,69.5,39.1,-14.3,False,0
DCA40 + BRK8 + BEAR40,3,0.03,1604.0,220.7,-42.3,1.32,1233,60.9,1.31,100.1,60.8,-20.6,False,0
DCA40 + BRK8 + BEAR40,3,0.05,2052.0,310.4,-60.5,1.21,1264,62.3,1.21,127.9,81.1,-31.5,False,0
DCA40 + BRK8 + ROT40,3,0.01,888.0,77.5,-25.4,1.27,1469,29.3,1.38,61.0,10.2,-4.6,False,0
DCA40 + BRK8 + ROT40,3,0.02,1075.0,115.0,-45.9,1.03,1835,40.0,1.24,89.9,13.1,-14.1,False,0
DCA40 + BRK8 + ROT40,3,0.03,1340.0,168.0,-59.3,1.04,1963,43.6,1.2,133.5,14.6,-19.7,False,0
DCA40 + BRK8 + ROT40,3,0.05,1225.0,145.0,-76.7,0.92,1928,43.6,1.11,129.2,6.6,-32.3,False,0
DCA40 + BRK8 + SQZ40b,3,0.01,860.0,71.9,-21.0,1.23,1382,42.6,1.24,57.3,9.1,-8.3,False,0
DCA40 + BRK8 + SQZ40b,3,0.02,1383.0,176.6,-38.8,1.3,1731,52.3,1.19,148.6,10.9,-16.3,False,0
DCA40 + BRK8 + SQZ40b,3,0.03,1880.0,275.9,-52.4,1.28,1857,54.6,1.15,235.4,11.6,-23.3,False,0
DCA40 + BRK8 + SQZ40b,3,0.05,2135.0,327.0,-72.2,1.18,1791,54.9,1.08,368.0,-9.4,-36.9,False,0
DCA40 + BEAR40 + ROT40,3,0.01,780.0,56.0,-16.6,1.39,1530,29.9,1.31,21.6,28.1,-5.9,False,0
DCA40 + BEAR40 + ROT40,3,0.02,938.0,87.5,-33.8,1.15,1910,40.5,1.21,18.9,57.2,-13.2,False,0
DCA40 + BEAR40 + ROT40,3,0.03,1187.0,137.3,-46.3,1.17,2077,44.6,1.19,26.5,86.7,-19.3,False,0
DCA40 + BEAR40 + ROT40,3,0.05,1570.0,214.0,-64.8,1.13,2117,45.6,1.15,23.0,153.5,-29.0,False,0
DCA40 + BEAR40 + SQZ40b,3,0.01,728.0,45.5,-18.9,0.91,1429,41.9,1.17,17.0,24.1,-10.3,False,0
DCA40 + BEAR40 + SQZ40b,3,0.02,1090.0,118.0,-35.9,1.07,1827,52.9,1.15,50.6,44.0,-20.0,False,0
DCA40 + BEAR40 + SQZ40b,3,0.03,1355.0,171.1,-49.2,1.04,1941,54.7,1.11,64.4,63.6,-28.3,False,0
DCA40 + BEAR40 + SQZ40b,3,0.05,1740.0,247.9,-69.3,1.05,1967,55.9,1.07,93.5,77.5,-41.3,False,0
DCA40 + ROT40 + SQZ40b,3,0.01,884.0,76.8,-17.4,1.4,2193,34.4,1.21,51.8,16.0,-7.0,False,0
DCA40 + ROT40 + SQZ40b,3,0.02,1160.0,132.0,-32.9,1.22,2579,41.9,1.14,83.7,25.2,-13.5,False,0
DCA40 + ROT40 + SQZ40b,3,0.03,1515.0,202.9,-45.8,1.21,2710,44.3,1.12,125.0,33.0,-19.7,False,0
DCA40 + ROT40 + SQZ40b,3,0.05,1580.0,215.9,-67.0,1.07,2640,43.8,1.07,153.5,22.2,-30.4,False,0
BRK8 + BEAR40 + ROT40,3,0.01,955.0,91.1,-25.1,1.36,1701,25.6,1.32,53.3,24.6,-8.7,False,0
BRK8 + BEAR40 + ROT40,3,0.02,1232.0,146.4,-43.9,1.15,1724,25.1,1.22,69.8,45.0,-16.6,False,0
BRK8 + BEAR40 + ROT40,3,0.03,1510.0,202.0,-58.0,1.11,1722,25.0,1.18,88.3,60.1,-23.8,False,0
BRK8 + BEAR40 + ROT40,3,0.05,1429.0,185.7,-77.6,0.99,1703,25.4,1.1,60.9,77.1,-34.6,False,0
BRK8 + BEAR40 + SQZ40b,3,0.01,908.0,81.5,-28.3,1.13,1587,35.7,1.21,49.9,20.9,-13.0,False,0
BRK8 + BEAR40 + SQZ40b,3,0.02,1400.0,180.1,-49.4,1.14,1585,35.7,1.16,109.3,33.4,-24.3,False,0
BRK8 + BEAR40 + SQZ40b,3,0.03,1812.0,262.3,-64.7,1.13,1585,35.7,1.11,164.2,36.5,-34.2,False,0
BRK8 + BEAR40 + SQZ40b,3,0.05,1299.0,159.8,-84.7,0.96,1532,35.5,1.04,152.2,2.2,-50.2,False,0
BRK8 + ROT40 + SQZ40b,3,0.01,1022.0,104.5,-28.6,1.27,2310,29.2,1.21,83.7,11.0,-9.7,False,0
BRK8 + ROT40 + SQZ40b,3,0.02,1390.0,178.0,-49.4,1.13,2322,29.0,1.14,144.2,13.2,-18.4,False,0
BRK8 + ROT40 + SQZ40b,3,0.03,1482.0,196.5,-64.6,1.03,2303,28.7,1.1,172.1,7.9,-26.3,False,0
BRK8 + ROT40 + SQZ40b,3,0.05,1409.0,181.7,-82.7,1.0,2245,29.3,1.05,227.8,-15.4,-40.3,False,0
BEAR40 + ROT40 + SQZ40b,3,0.01,937.0,87.4,-25.2,1.3,2413,31.0,1.19,44.8,28.9,-11.7,False,0
BEAR40 + ROT40 + SQZ40b,3,0.02,1222.0,144.4,-44.9,1.12,2433,30.7,1.13,59.3,52.2,-22.0,False,0
BEAR40 + ROT40 + SQZ40b,3,0.03,1508.0,201.6,-59.5,1.1,2433,30.7,1.1,76.6,68.6,-30.9,False,0
BEAR40 + ROT40 + SQZ40b,3,0.05,971.0,94.2,-81.5,0.83,2385,30.2,1.03,22.8,55.0,-46.2,False,0
