key,name,style,universe,sides,risk,end,ret,maxdd,sharpe,trades,win,pf,y1,y2,worst_month,busted
ema_st,EMA cross + Supertrend,balanced,core8,long,0.01,1413.0,182.7,-23.2,1.76,112,34.8,2.41,119.4,29.0,-3.8,False
ema_st,EMA cross + Supertrend,balanced,core8,long,0.03,4280.0,756.0,-54.2,1.74,112,34.8,1.88,432.1,61.4,-11.1,False
ema_st,EMA cross + Supertrend,balanced,core8,both,0.01,1141.0,128.3,-31.4,1.31,251,33.5,1.48,104.0,11.8,-13.4,False
ema_st,EMA cross + Supertrend,balanced,core8,both,0.03,577.0,15.4,-69.4,0.5,242,32.2,0.98,16.9,-1.3,-33.2,False
ema_st,EMA cross + Supertrend,balanced,top40,long,0.01,831.0,66.3,-47.0,0.77,331,25.7,1.27,10.1,50.3,-13.8,False
ema_st,EMA cross + Supertrend,balanced,top40,long,0.03,746.0,49.2,-83.7,0.73,329,25.8,1.07,-8.0,60.2,-36.3,False
ema_st,EMA cross + Supertrend,balanced,top40,both,0.01,1294.0,158.7,-54.5,1.12,579,33.0,1.22,131.6,10.9,-21.6,False
ema_st,EMA cross + Supertrend,balanced,top40,both,0.03,507.0,1.3,-85.1,0.62,560,32.7,0.98,-44.9,83.1,-32.3,False
ema_mom,EMA cross + Momentum,calm,core8,long,0.01,830.0,65.9,-11.5,1.38,88,39.8,2.95,29.2,28.4,-2.7,False
ema_mom,EMA cross + Momentum,calm,core8,long,0.03,1834.0,266.9,-29.3,1.48,88,39.8,2.88,99.1,84.3,-8.1,False
ema_mom,EMA cross + Momentum,calm,core8,both,0.01,676.0,35.2,-26.1,0.76,187,32.6,1.44,27.7,5.9,-6.1,False
ema_mom,EMA cross + Momentum,calm,core8,both,0.03,980.0,96.0,-59.5,0.84,186,32.8,1.34,92.2,2.0,-17.4,False
ema_mom,EMA cross + Momentum,calm,top40,long,0.01,2496.0,399.1,-26.9,1.9,294,32.7,2.37,141.1,106.0,-6.9,False
ema_mom,EMA cross + Momentum,calm,top40,long,0.03,11047.0,2109.4,-54.3,1.92,292,32.9,2.06,392.5,343.3,-20.1,False
ema_mom,EMA cross + Momentum,calm,top40,both,0.01,2306.0,361.2,-24.4,1.71,652,34.4,1.65,163.0,74.4,-9.2,False
ema_mom,EMA cross + Momentum,calm,top40,both,0.03,11030.0,2106.0,-56.8,1.82,638,33.9,1.48,671.5,182.3,-21.8,False
donchian_ens,Donchian ensemble (20/55/100),calm,core8,long,0.01,500.0,0.1,-28.7,0.11,215,30.2,0.99,14.9,-12.9,-6.3,False
donchian_ens,Donchian ensemble (20/55/100),calm,core8,long,0.03,361.0,-27.9,-64.6,0.04,215,29.8,0.9,19.9,-39.8,-18.2,False
donchian_ens,Donchian ensemble (20/55/100),calm,core8,both,0.01,564.0,12.8,-33.0,0.35,378,34.4,1.06,8.6,3.9,-13.5,False
donchian_ens,Donchian ensemble (20/55/100),calm,core8,both,0.03,505.0,1.0,-67.6,0.42,371,34.8,1.0,7.0,-5.6,-35.4,False
donchian_ens,Donchian ensemble (20/55/100),calm,top40,long,0.01,464.0,-7.1,-44.7,0.08,523,30.4,0.96,-4.9,-2.5,-13.6,False
donchian_ens,Donchian ensemble (20/55/100),calm,top40,long,0.03,196.0,-60.7,-88.4,0.01,518,30.7,0.85,-41.3,-33.4,-36.7,False
donchian_ens,Donchian ensemble (20/55/100),calm,top40,both,0.01,717.0,43.4,-35.2,0.59,797,37.8,1.1,-13.7,66.0,-10.0,False
donchian_ens,Donchian ensemble (20/55/100),calm,top40,both,0.03,360.0,-28.1,-80.4,0.43,783,37.7,0.96,-60.6,81.6,-32.6,False
breakout_pyramid,Breakout + pyramiding,aggressive,core8,long,0.01,985.0,97.1,-38.5,1.01,255,23.5,1.39,100.6,-1.4,-12.1,False
breakout_pyramid,Breakout + pyramiding,aggressive,core8,long,0.03,1530.0,205.9,-76.5,0.99,252,23.4,1.19,310.1,-24.6,-30.8,False
breakout_pyramid,Breakout + pyramiding,aggressive,core8,both,0.01,1415.0,183.0,-49.2,1.03,497,21.9,1.29,88.3,50.8,-19.3,False
breakout_pyramid,Breakout + pyramiding,aggressive,core8,both,0.03,1660.0,232.1,-88.7,1.01,482,22.0,1.08,176.1,21.5,-46.2,False
breakout_pyramid,Breakout + pyramiding,aggressive,top40,long,0.01,1130.0,126.0,-43.4,0.92,639,22.1,1.22,34.8,67.7,-19.4,False
breakout_pyramid,Breakout + pyramiding,aggressive,top40,long,0.03,874.0,74.9,-87.5,0.92,615,22.4,1.03,55.9,13.4,-47.4,False
breakout_pyramid,Breakout + pyramiding,aggressive,top40,both,0.01,1397.0,179.3,-52.5,0.89,1180,25.5,1.15,14.3,144.7,-29.9,False
breakout_pyramid,Breakout + pyramiding,aggressive,top40,both,0.03,359.0,-28.3,-91.6,0.87,1121,25.4,0.96,-77.4,221.3,-59.9,False
squeeze_tp,Squeeze breakout + partial TP,balanced,core8,long,0.01,499.0,-0.2,-26.7,0.09,190,33.2,1.0,12.5,-11.1,-12.8,False
squeeze_tp,Squeeze breakout + partial TP,balanced,core8,long,0.03,362.0,-27.7,-65.3,-0.04,189,32.3,0.91,26.7,-42.5,-34.8,False
squeeze_tp,Squeeze breakout + partial TP,balanced,core8,both,0.01,562.0,12.4,-31.5,0.36,384,36.7,1.06,23.6,-8.8,-16.6,False
squeeze_tp,Squeeze breakout + partial TP,balanced,core8,both,0.03,495.0,-1.1,-69.3,0.35,376,36.7,1.0,59.1,-37.4,-41.0,False
squeeze_tp,Squeeze breakout + partial TP,balanced,top40,long,0.01,469.0,-6.2,-35.8,0.07,504,33.5,0.97,22.4,-23.2,-14.3,False
squeeze_tp,Squeeze breakout + partial TP,balanced,top40,long,0.03,272.0,-45.6,-74.8,0.13,497,33.8,0.94,44.9,-62.2,-36.6,False
squeeze_tp,Squeeze breakout + partial TP,balanced,top40,both,0.01,952.0,90.3,-36.2,0.95,964,38.7,1.11,71.8,9.9,-17.1,False
squeeze_tp,Squeeze breakout + partial TP,balanced,top40,both,0.03,1565.0,213.0,-78.3,1.06,911,39.2,1.04,227.2,-6.5,-41.4,False
pullback_rsi,Trend pullback (RSI) + scale-out,balanced,core8,long,0.01,560.0,12.1,-18.1,0.44,176,55.1,1.14,1.9,10.0,-5.2,False
pullback_rsi,Trend pullback (RSI) + scale-out,balanced,core8,long,0.03,591.0,18.1,-50.3,0.41,175,54.9,1.07,-6.7,26.8,-15.5,False
pullback_rsi,Trend pullback (RSI) + scale-out,balanced,core8,both,0.01,548.0,9.6,-29.2,0.32,384,53.4,1.05,-0.7,10.3,-12.3,False
pullback_rsi,Trend pullback (RSI) + scale-out,balanced,core8,both,0.03,538.0,7.6,-62.5,0.4,377,53.8,1.01,-18.6,31.6,-31.8,False
pullback_rsi,Trend pullback (RSI) + scale-out,balanced,top40,long,0.01,488.0,-2.3,-32.9,0.1,445,50.6,0.99,-11.9,10.9,-11.7,False
pullback_rsi,Trend pullback (RSI) + scale-out,balanced,top40,long,0.03,321.0,-35.8,-77.6,0.14,433,50.8,0.91,-57.6,51.6,-34.8,False
pullback_rsi,Trend pullback (RSI) + scale-out,balanced,top40,both,0.01,560.0,12.0,-40.7,0.34,858,50.9,1.03,-15.7,32.3,-15.7,False
pullback_rsi,Trend pullback (RSI) + scale-out,balanced,top40,both,0.03,413.0,-17.4,-82.3,0.44,840,51.3,0.98,-57.2,90.3,-35.5,False
dca_dip,DCA dip buyer (safety orders),aggressive,core8,long,0.01,535.0,6.9,-3.3,1.24,162,92.0,1.82,3.8,3.0,-2.0,False
dca_dip,DCA dip buyer (safety orders),aggressive,core8,long,0.03,678.0,35.7,-14.7,1.55,247,93.1,1.94,17.2,15.7,-6.1,False
dca_dip,DCA dip buyer (safety orders),aggressive,top40,long,0.01,604.0,20.9,-8.7,1.58,538,91.6,1.59,12.0,7.9,-2.9,False
dca_dip,DCA dip buyer (safety orders),aggressive,top40,long,0.03,944.0,88.8,-23.8,1.65,665,91.6,1.59,44.6,30.6,-9.9,False
bear_breakdown,Bear-market breakdown (shorts),aggressive,core8,short,0.01,477.0,-4.5,-27.7,0.07,246,30.1,0.96,-11.4,7.8,-7.9,False
bear_breakdown,Bear-market breakdown (shorts),aggressive,core8,short,0.03,296.0,-40.8,-62.5,0.08,244,30.3,0.88,-37.1,-5.9,-22.2,False
bear_breakdown,Bear-market breakdown (shorts),aggressive,top40,short,0.01,850.0,70.0,-30.2,0.71,517,38.9,1.24,-8.7,86.1,-14.5,False
bear_breakdown,Bear-market breakdown (shorts),aggressive,top40,short,0.03,1083.0,116.6,-65.6,0.77,509,39.1,1.09,-34.8,232.3,-37.7,False
rotation,Momentum rotation (top 5),balanced,core8,long,0.01,804.0,60.8,-27.2,1.15,319,25.1,1.5,64.4,-2.2,-5.8,False
rotation,Momentum rotation (top 5),balanced,core8,long,0.03,1239.0,147.8,-61.2,1.05,316,25.3,1.27,211.3,-20.4,-16.5,False
rotation,Momentum rotation (top 5),balanced,core8,both,0.01,804.0,60.8,-27.2,1.15,319,25.1,1.5,64.4,-2.2,-5.8,False
rotation,Momentum rotation (top 5),balanced,core8,both,0.03,1239.0,147.8,-61.2,1.05,316,25.3,1.27,211.3,-20.4,-16.5,False
rotation,Momentum rotation (top 5),balanced,top40,long,0.01,1061.0,112.1,-45.2,1.08,1170,22.4,1.21,53.3,37.7,-12.1,False
rotation,Momentum rotation (top 5),balanced,top40,long,0.03,1012.0,102.3,-85.2,0.85,1143,22.0,1.05,44.0,38.6,-32.6,False
rotation,Momentum rotation (top 5),balanced,top40,both,0.01,1061.0,112.1,-45.2,1.08,1170,22.4,1.21,53.3,37.7,-12.1,False
rotation,Momentum rotation (top 5),balanced,top40,both,0.03,1012.0,102.3,-85.2,0.85,1143,22.0,1.05,44.0,38.6,-32.6,False
hot_coin,Hot-coin momentum chase,aggressive,core8,long,0.01,555.0,11.0,-12.7,0.7,73,38.4,1.32,9.1,1.8,-2.3,False
hot_coin,Hot-coin momentum chase,aggressive,core8,long,0.03,660.0,32.1,-34.3,0.71,73,38.4,1.27,27.0,4.0,-6.7,False
hot_coin,Hot-coin momentum chase,aggressive,top40,long,0.01,659.0,31.7,-25.3,0.7,548,35.9,1.13,14.5,15.0,-8.3,False
hot_coin,Hot-coin momentum chase,aggressive,top40,long,0.03,875.0,75.0,-61.7,0.74,547,36.0,1.1,34.6,30.1,-23.7,False
