symbol,side,lot_id,signal_close_ms,entry_ms,entry_utc,exit_ms,exit_utc,exit_signal_close_ms,qty,entry_price,exit_price,stop_price,risk_distance,risk_usd,gross,fees,funding,pnl,r,exit_code,exit_reason,entry_reason
BTCUSDT,LONG,lot_6b52fd2ad922e99017d21d707a58495b,1646092800000,1646092800000,2022-03-01 00:00,1646409600000,2022-03-04 16:00,,0.0304,43172.262,39875.94324,39891.9,3280.362,99.7230048,-100.208090304,2.5246654392960,1.5023160160,-104.2350717592960,-1.045245998837933130550835548,STOP_HIT,exit.stop,entry.signal
ETHUSDT,LONG,lot_88f18169d5a9a230623acf76be38d4b0,1646092800000,1646092800000,2022-03-01 00:00,1646366400000,2022-03-04 04:00,1646366400000,0.365,2921.21802,2723.190288,2647.43,273.78802,99.93262730,-72.280122180,2.0602090324200,1.0100473450,-75.3503785574200,-0.7540117836711774313572960570,SIGNAL_EXIT,exit.exit_signal,entry.signal
XRPUSDT,LONG,lot_796c9da5ca1b8042af5b1e568a3baee3,1646092800000,1646092800000,2022-03-01 00:00,1646424000000,2022-03-04 20:00,1646424000000,1419.2,0.78111232,0.71351448,0.7106,0.07051232,100.071084544,-95.934854528,2.1211743545600,1.2405298160,-99.2965586985600,-0.9922602433163452854763536358,SIGNAL_EXIT,exit.exit_signal,entry.signal
AVAXUSDT,LONG,lot_745b62db4cabbe04a849cbe9317bbab8,1646107200000,1646107200000,2022-03-01 04:00,1646352000000,2022-03-04 00:00,,9,86.68466,75.9006276,75.931,10.75366,96.78294,-97.0562916,1.46326758840,0.6758325,-99.19539168840,-1.024926414597448682588067690,STOP_HIT,exit.stop,entry.signal
DOGEUSDT,LONG,lot_6c779504e25b48efdc6746627bd4c6c4,1649563200000,1649563200000,2022-04-10 04:00,1649678400000,2022-04-11 12:00,1649678400000,7231,0.149839912,0.140363832,0.13653,0.013309912,96.243973672,-68.521534480,2.0984632728640,0.4299299515,-71.0499277043640,-0.7382272883547239080168223501,SIGNAL_EXIT,exit.exit_signal,entry.signal
DOGEUSDT,LONG,lot_95d90822e3ebed1af1a253ee25d77169,1650081600000,1650081600000,2022-04-16 04:00,1650124800000,2022-04-16 16:00,1650124800000,8637,0.146828708,0.141853236,0.13577,0.011058708,95.514060996,-42.973151664,2.4933459503280,0.1862137200,-45.6527113343280,-0.4779684881814403635578405723,SIGNAL_EXIT,exit.exit_signal,entry.signal
BNBUSDT,LONG,lot_9ec3d1bd4ce3ec7bacecaeadf9fd5eb9,1650456000000,1650456000000,2022-04-20 12:00,1650484800000,2022-04-20 20:00,1650484800000,6.22,428.201212,417.083100,412.93,15.271212,94.98693864,-69.15465664,5.257668420640,0.260913450,-74.673238510640,-0.7861421747009995015457843163,SIGNAL_EXIT,exit.exit_signal,entry.signal
SOLUSDT,LONG,lot_ded48b11eb080cd9ca812294275c2542,1650513600000,1650513600000,2022-04-21 04:00,1650600000000,2022-04-22 04:00,1650600000000,12.78,107.062808,102.468996,99.68,7.382808,94.35228624,-58.70891736,2.677816455120,0.403458210,-61.790192025120,-0.6548881271191124027605756509,SIGNAL_EXIT,exit.exit_signal,entry.signal
ETHUSDT,LONG,lot_b6c8665d6ae56d6f0c9e8089a55523be,1650542400000,1650542400000,2022-04-21 12:00,1650571200000,2022-04-21 20:00,1650571200000,0.687,3150.269604,3023.640060,3013.02,137.249604,94.290477948,-86.994496728,4.2414759391680,0.2105325240,-91.4465051911680,-0.9698381764657040467672314741,SIGNAL_EXIT,exit.exit_signal,entry.signal
DOGEUSDT,LONG,lot_ed8c28980e5e6dbf7553af998d919b31,1650931200000,1650931200000,2022-04-26 00:00,1650988800000,2022-04-26 16:00,,5622,0.158173244,0.141613332,0.14167,0.016503244,92.781237768,-93.099825264,1.6854001302720,0.2139536430,-94.9991790372720,-1.023905062301690504000304425,STOP_HIT,exit.stop,entry.signal
SOLUSDT,LONG,lot_f11a15080908d39367377dafc1456c51,1657886400000,1657886400000,2022-07-15 12:00,1657900800000,2022-07-15 16:00,1657900800000,30.97,37.71508,37.654932,34.75,2.96508,91.8285276,-1.86278356,2.334209271640,0.058316510,-4.255309341640,-0.04633973181162059708338392219,SIGNAL_EXIT,exit.exit_signal,entry.signal
DOGEUSDT,LONG,lot_aec8afed18579bb8a46a49e5f6d271a8,1658160000000,1658160000000,2022-07-18 16:00,1658721600000,2022-07-25 04:00,1658721600000,23137,0.067917156,0.064524180,0.06395,0.003967156,91.788088372,-78.503285712,3.0642951910320,3.0973270530,-84.6649079560320,-0.9223953724027993857564461796,SIGNAL_EXIT,exit.exit_signal,entry.signal
ETHUSDT,LONG,lot_a8acaa5db6694dcc83104e2dcb5290c6,1658952000000,1658952000000,2022-07-27 20:00,1659571200000,2022-08-04 00:00,1659571200000,0.606,1588.355088,1616.723052,1438.44,149.915088,90.848543328,17.190986184,1.9422773528400,2.1797059470,13.0690028841600,0.1438548424158614375092118813,SIGNAL_EXIT,exit.exit_signal,entry.signal
BNBUSDT,LONG,lot_fa2b54c7034c73be1baa0af79b9254dc,1658966400000,1658966400000,2022-07-28 00:00,1660492800000,2022-08-14 16:00,1660492800000,6.14,271.648616,322.281036,256.86,14.788616,90.80210224,310.88305880,3.646728063280,9.995026630,297.241304106720,3.273506854732045243449420825,SIGNAL_EXIT,exit.exit_signal,entry.signal
BTCUSDT,LONG,lot_ae8cd533dcdd7cae407af1a597c0965b,1659009600000,1659009600000,2022-07-28 12:00,1659571200000,2022-08-04 00:00,1659571200000,0.0712,23115.2424,22792.37940,21839.4,1275.8424,90.83997888,-22.987845600,3.2686226721600,3.2613095920,-29.5177778641600,-0.3249425883635784482472129787,SIGNAL_EXIT,exit.exit_signal,entry.signal
XRPUSDT,LONG,lot_f4eb5b964c6955b30acb067227b68920,1659038400000,1659038400000,2022-07-28 20:00,1659096000000,2022-07-29 12:00,1659096000000,3910.7,0.372649,0.36735300,0.3494,0.023249,90.9198643,-20.711067200,2.8939258214000,0.2909365265,-23.8959295479000,-0.2628240784549873112822056863,SIGNAL_EXIT,exit.exit_signal,entry.signal
